file,true_class,yolo_pred,yolo_conf,yolo_found,yolo_correct,yolo_time_sec,owl_vit_pred,owl_vit_conf,owl_vit_found,owl_vit_correct,owl_vit_time_sec,owlv2_pred,owlv2_conf,owlv2_found,owlv2_correct,owlv2_time_sec,grounding_dino_pred,grounding_dino_conf,grounding_dino_found,grounding_dino_correct,grounding_dino_time_sec
드라이버/드라이버_김지호/IMG_6371.jpeg,screwdriver,screwdriver,0.900400,1,1,0.648940,screwdriver,0.495010,1,1,0.202553,screwdriver,0.778668,1,1,0.612104,pliers,0.431501,1,0,0.446029
드라이버/드라이버_김지호/IMG_6385.jpeg,screwdriver,screwdriver,0.782841,1,1,0.172334,screwdriver,0.535405,1,1,0.205726,screwdriver,0.650092,1,1,0.694470,hammer,0.389717,1,0,0.475331
드라이버/드라이버_김지호/IMG_6390.jpeg,screwdriver,screwdriver,0.882271,1,1,0.127902,screwdriver,0.580956,1,1,0.162591,screwdriver,0.358331,1,1,0.567042,,0.417375,0,0,0.398365
드라이버/드라이버_김지호/IMG_6391.jpeg,screwdriver,screwdriver,0.879412,1,1,0.130219,screwdriver,0.395645,1,1,0.162520,screwdriver,0.827834,1,1,0.615418,hammer,0.360386,1,0,0.640358
드라이버/드라이버_김지호/IMG_6375.jpeg,screwdriver,screwdriver,0.829670,1,1,0.119201,screwdriver,0.604569,1,1,0.150127,screwdriver,0.568019,1,1,0.530246,pliers,0.459434,1,0,0.407698
드라이버/드라이버_김지호/IMG_6394.jpeg,screwdriver,screwdriver,0.889985,1,1,0.114902,screwdriver,0.380151,1,1,0.145922,screwdriver,0.767993,1,1,0.548554,screwdriver,0.375351,1,1,0.456866
드라이버/드라이버_김지호/IMG_6396.jpeg,screwdriver,screwdriver,0.910701,1,1,0.114050,screwdriver,0.526202,1,1,0.142170,screwdriver,0.652462,1,1,0.519235,,0.391677,0,0,0.394983
드라이버/드라이버_김지호/IMG_6384.jpeg,screwdriver,screwdriver,0.895325,1,1,0.123496,screwdriver,0.498738,1,1,0.145609,screwdriver,0.785154,1,1,0.522207,hammer,0.385284,1,0,0.567176
드라이버/드라이버_김지호/IMG_6376.jpeg,screwdriver,screwdriver,0.881723,1,1,0.114469,screwdriver,0.540927,1,1,0.144113,screwdriver,0.707754,1,1,0.557061,hammer,0.425658,1,0,0.421919
드라이버/드라이버_김지호/IMG_6369.jpeg,screwdriver,screwdriver,0.855213,1,1,0.126936,screwdriver,0.311141,1,1,0.156807,screwdriver,0.719525,1,1,0.623573,hammer,0.353678,1,0,0.449105
드라이버/드라이버_김지호/IMG_6373.jpeg,screwdriver,screwdriver,0.841208,1,1,0.115029,screwdriver,0.410678,1,1,0.142235,screwdriver,0.691646,1,1,0.500898,pliers,0.443489,1,0,0.361926
드라이버/드라이버_김지호/IMG_6378.jpeg,screwdriver,screwdriver,0.874631,1,1,0.135024,screwdriver,0.688070,1,1,0.136566,screwdriver,0.796149,1,1,0.510119,,0.433423,0,0,0.356003
드라이버/드라이버_김지호/IMG_6397.jpeg,screwdriver,screwdriver,0.883368,1,1,0.111076,screwdriver,0.542689,1,1,0.141865,screwdriver,0.804907,1,1,0.486631,pliers,0.464266,1,0,0.337024
드라이버/드라이버_김지호/IMG_6403.jpeg,screwdriver,screwdriver,0.877305,1,1,0.112409,screwdriver,0.396281,1,1,0.136330,screwdriver,0.807241,1,1,0.506503,screwdriver,0.417955,1,1,0.517439
드라이버/드라이버_김지호/IMG_6392.jpeg,screwdriver,screwdriver,0.891423,1,1,0.109833,screwdriver,0.380559,1,1,0.133285,screwdriver,0.841449,1,1,0.488763,pliers,0.462969,1,0,0.359440
드라이버/드라이버_김지호/IMG_6370.jpeg,screwdriver,screwdriver,0.841467,1,1,0.109667,hammer,0.308654,1,0,0.133220,screwdriver,0.794505,1,1,0.497189,,0.397971,0,0,0.334272
망치/IMG_2564.HEIC,hammer,hammer,0.441952,1,1,0.198127,hammer,0.307712,1,1,0.233848,hammer,0.584779,1,1,1.346407,hammer,0.420543,1,1,0.616213
드라이버/드라이버_김지호/IMG_6379.jpeg,screwdriver,screwdriver,0.851137,1,1,0.108779,screwdriver,0.347068,1,1,0.127745,screwdriver,0.837603,1,1,0.492476,hammer,0.401803,1,0,0.429176
드라이버/드라이버_김지호/IMG_6401.jpeg,screwdriver,screwdriver,0.853349,1,1,0.100756,screwdriver,0.631657,1,1,0.130458,screwdriver,0.873747,1,1,0.486674,pliers,0.447658,1,0,0.336221
드라이버/드라이버_김지호/IMG_6368.jpeg,screwdriver,screwdriver,0.835707,1,1,0.103001,screwdriver,0.298214,1,1,0.133824,screwdriver,0.732802,1,1,0.481637,hammer,0.359862,1,0,0.376297
드라이버/드라이버_김지호/IMG_6372.jpeg,screwdriver,screwdriver,0.892951,1,1,0.101312,screwdriver,0.466260,1,1,0.127051,screwdriver,0.776392,1,1,0.479817,pliers,0.427412,1,0,0.345454
드라이버/드라이버_김지호/IMG_6388.jpeg,screwdriver,screwdriver,0.736766,1,1,0.102060,screwdriver,0.198895,1,1,0.132294,screwdriver,0.578778,1,1,0.505157,pliers,0.425325,1,0,0.352820
드라이버/드라이버_김지호/IMG_6409.jpeg,screwdriver,screwdriver,0.727984,1,1,0.103513,screwdriver,0.337605,1,1,0.126135,screwdriver,0.562795,1,1,0.489799,pliers,0.440125,1,0,0.493088
드라이버/드라이버_김지호/IMG_6406.jpeg,screwdriver,screwdriver,0.806231,1,1,0.111239,screwdriver,0.331938,1,1,0.132841,screwdriver,0.587851,1,1,0.487130,hammer,0.443157,1,0,0.350221
드라이버/드라이버_김지호/IMG_6402.jpeg,screwdriver,screwdriver,0.852487,1,1,0.102174,screwdriver,0.670238,1,1,0.126735,screwdriver,0.822493,1,1,0.495293,hammer,0.389629,1,0,0.567798
드라이버/드라이버_김지호/IMG_6389.jpeg,screwdriver,screwdriver,0.826255,1,1,0.100995,screwdriver,0.510804,1,1,0.124269,screwdriver,0.729842,1,1,0.501221,pliers,0.412426,1,0,0.417383
드라이버/드라이버_김지호/IMG_6414.jpeg,screwdriver,screwdriver,0.859935,1,1,0.101105,screwdriver,0.249879,1,1,0.126818,screwdriver,0.588021,1,1,0.494246,pliers,0.400160,1,0,0.495386
드라이버/드라이버_김지호/IMG_6374.jpeg,screwdriver,screwdriver,0.912048,1,1,0.100729,screwdriver,0.519027,1,1,0.126775,screwdriver,0.601891,1,1,0.496134,,0.428104,0,0,0.355513
드라이버/드라이버_김지호/IMG_6417.jpeg,screwdriver,screwdriver,0.911564,1,1,0.100830,pliers,0.227944,1,0,0.129802,screwdriver,0.738230,1,1,0.483161,pliers,0.432271,1,0,0.359589
드라이버/드라이버_김지호/IMG_6387.jpeg,screwdriver,screwdriver,0.906210,1,1,0.101922,screwdriver,0.580770,1,1,0.138795,screwdriver,0.462475,1,1,0.510074,pliers,0.458306,1,0,0.368508
드라이버/드라이버_김지호/IMG_6404.jpeg,screwdriver,screwdriver,0.871794,1,1,0.101349,screwdriver,0.376701,1,1,0.123344,screwdriver,0.767012,1,1,0.496177,hammer,0.376844,1,0,0.683366
드라이버/드라이버_김지호/IMG_6420.jpeg,screwdriver,screwdriver,0.841574,1,1,0.121956,screwdriver,0.213948,1,1,0.130196,screwdriver,0.634227,1,1,0.482224,hammer,0.427329,1,0,0.553020
드라이버/드라이버_김지호/IMG_6381.jpeg,screwdriver,screwdriver,0.856229,1,1,0.100685,screwdriver,0.448633,1,1,0.133284,screwdriver,0.823305,1,1,0.509989,pliers,0.446863,1,0,0.361337
드라이버/드라이버_김지호/IMG_6380.jpeg,screwdriver,screwdriver,0.856431,1,1,0.101028,screwdriver,0.604610,1,1,0.123644,screwdriver,0.740014,1,1,0.482944,pliers,0.453123,1,0,0.344888
드라이버/드라이버_김지호/IMG_6410.jpeg,screwdriver,screwdriver,0.917991,1,1,0.102384,screwdriver,0.366493,1,1,0.138998,screwdriver,0.623664,1,1,0.568635,hammer,0.398239,1,0,0.526047
드라이버/드라이버_김지호/IMG_6407.jpeg,screwdriver,screwdriver,0.889837,1,1,0.104721,screwdriver,0.218884,1,1,0.127051,screwdriver,0.486269,1,1,0.483289,hammer,0.431550,1,0,0.429891
드라이버/드라이버_김지호/IMG_6393.jpeg,screwdriver,screwdriver,0.857542,1,1,0.100777,hammer,0.287815,1,0,0.125091,screwdriver,0.430432,1,1,0.503337,hammer,0.388906,1,0,0.343593
드라이버/드라이버_김지호/IMG_6383.jpeg,screwdriver,screwdriver,0.860614,1,1,0.100248,screwdriver,0.533475,1,1,0.135180,screwdriver,0.676455,1,1,0.496743,pliers,0.437976,1,0,0.468239
드라이버/드라이버_김지호/IMG_6398.jpeg,screwdriver,screwdriver,0.842523,1,1,0.100972,screwdriver,0.582269,1,1,0.124566,screwdriver,0.491293,1,1,0.490882,hammer,0.489405,1,0,0.339675
드라이버/드라이버_김지호/IMG_6408.jpeg,screwdriver,screwdriver,0.876665,1,1,0.101806,screwdriver,0.517852,1,1,0.134055,screwdriver,0.661727,1,1,0.510494,hammer,0.476786,1,0,0.345391
드라이버/드라이버_김지호/IMG_6382.jpeg,screwdriver,screwdriver,0.927006,1,1,0.110649,screwdriver,0.512738,1,1,0.129705,screwdriver,0.508289,1,1,0.523521,pliers,0.394354,1,0,0.365775
드라이버/드라이버_김지호/IMG_6399.jpeg,screwdriver,screwdriver,0.886906,1,1,0.101314,screwdriver,0.568194,1,1,0.124709,screwdriver,0.783415,1,1,0.479043,,0.464820,0,0,0.341065
망치/IMG_2552.HEIC,hammer,hammer,0.663025,1,1,0.209649,hammer,0.259353,1,1,0.245534,pliers,0.576396,1,0,1.371241,hammer,0.317571,1,1,0.819163
망치/IMG_2532.HEIC,hammer,hammer,0.868159,1,1,0.200327,screwdriver,0.324231,1,0,0.226902,pliers,0.697977,1,0,1.290466,screwdriver,0.371832,1,0,0.552492
드라이버/드라이버_김지호/IMG_6377.jpeg,screwdriver,screwdriver,0.877470,1,1,0.112302,screwdriver,0.722482,1,1,0.137719,screwdriver,0.783017,1,1,0.498633,hammer,0.424737,1,0,0.448180
드라이버/드라이버_김지호/IMG_6405.jpeg,screwdriver,screwdriver,0.856344,1,1,0.101180,screwdriver,0.349989,1,1,0.126689,screwdriver,0.804456,1,1,0.493932,hammer,0.405449,1,0,0.358175
드라이버/드라이버_김지호/IMG_6386.jpeg,screwdriver,screwdriver,0.878121,1,1,0.101688,screwdriver,0.550505,1,1,0.128062,screwdriver,0.685290,1,1,0.493001,pliers,0.383230,1,0,0.456844
망치/IMG_2560.HEIC,hammer,hammer,0.847428,1,1,0.196787,hammer,0.384116,1,1,0.262408,hammer,0.668537,1,1,1.373677,pliers,0.394941,1,0,0.752187
망치/IMG_2563.HEIC,hammer,hammer,0.664833,1,1,0.196733,pliers,0.244022,1,0,0.229147,pliers,0.487583,1,0,1.344997,hammer,0.385744,1,1,0.586914
망치/IMG_2542.HEIC,hammer,hammer,0.825561,1,1,0.197509,screwdriver,0.263482,1,0,0.230167,hammer,0.681602,1,1,1.296434,hammer,0.399945,1,1,0.529627
드라이버/드라이버_김지호/IMG_6415.jpeg,screwdriver,screwdriver,0.821628,1,1,0.112204,screwdriver,0.271247,1,1,0.128028,screwdriver,0.448307,1,1,0.489872,hammer,0.373989,1,0,0.391933
드라이버/드라이버_김지호/IMG_6412.jpeg,screwdriver,screwdriver,0.837567,1,1,0.102422,screwdriver,0.527261,1,1,0.130528,screwdriver,0.523461,1,1,0.485180,hammer,0.383241,1,0,0.488583
드라이버/드라이버_김지호/IMG_6413.jpeg,screwdriver,screwdriver,0.837365,1,1,0.101316,screwdriver,0.434116,1,1,0.128121,screwdriver,0.541858,1,1,0.504510,pliers,0.425564,1,0,0.467587
망치/IMG_2562.HEIC,hammer,hammer,0.788092,1,1,0.207001,hammer,0.349461,1,1,0.236455,hammer,0.749496,1,1,1.294970,hammer,0.363405,1,1,0.666643
망치/IMG_2550.HEIC,hammer,hammer,0.886943,1,1,0.203649,screwdriver,0.220399,1,0,0.231273,pliers,0.703293,1,0,1.325927,pliers,0.433226,1,0,0.543662
망치/IMG_2541.HEIC,hammer,hammer,0.858563,1,1,0.190594,hammer,0.289130,1,1,0.219261,pliers,0.752116,1,0,1.311251,hammer,0.364655,1,1,0.671653
망치/IMG_2553.HEIC,hammer,hammer,0.869797,1,1,0.199350,hammer,0.248827,1,1,0.230058,pliers,0.636488,1,0,1.296489,hammer,0.361268,1,1,0.654500
망치/IMG_2523.HEIC,hammer,hammer,0.872159,1,1,0.192455,hammer,0.266697,1,1,0.230622,pliers,0.722424,1,0,1.329760,pliers,0.382974,1,0,0.537025
망치/IMG_2511.HEIC,hammer,hammer,0.825412,1,1,0.199017,hammer,0.385959,1,1,0.217101,pliers,0.516683,1,0,1.290491,screwdriver,0.430471,1,0,0.553478
드라이버/드라이버_김지호/IMG_6411.jpeg,screwdriver,screwdriver,0.786069,1,1,0.105452,screwdriver,0.481057,1,1,0.127937,screwdriver,0.388582,1,1,0.484731,hammer,0.377690,1,0,0.689242
드라이버/드라이버_김지호/IMG_6421.jpeg,screwdriver,screwdriver,0.837808,1,1,0.102227,screwdriver,0.630006,1,1,0.132037,screwdriver,0.849950,1,1,0.487610,hammer,0.381029,1,0,0.430903
망치/IMG_2529.HEIC,hammer,hammer,0.904169,1,1,0.188851,hammer,0.399916,1,1,0.226446,hammer,0.683839,1,1,1.299850,hammer,0.364677,1,1,0.694964
드라이버/드라이버_김지호/IMG_6416.jpeg,screwdriver,screwdriver,0.540868,1,1,0.112359,hammer,0.153408,1,0,0.136331,screwdriver,0.303890,1,1,0.522002,pliers,0.373459,1,0,0.395706
망치/IMG_2551.HEIC,hammer,wrench,0.385157,1,0,0.202078,pliers,0.237842,1,0,0.237865,pliers,0.562050,1,0,1.308166,hammer,0.397765,1,1,0.773508
망치/IMG_2510.HEIC,hammer,hammer,0.898687,1,1,0.202875,pliers,0.230641,1,0,0.251402,pliers,0.441538,1,0,1.454716,hammer,0.414023,1,1,0.716211
망치/IMG_2502.HEIC,hammer,hammer,0.835811,1,1,0.218911,screwdriver,0.305758,1,0,0.247911,pliers,0.536103,1,0,1.805408,screwdriver,0.422912,1,0,0.710072
망치/IMG_2503.HEIC,hammer,hammer,0.918116,1,1,0.227691,hammer,0.399741,1,1,0.255575,pliers,0.308795,1,0,1.530939,hammer,0.399076,1,1,0.675095
망치/IMG_2520.HEIC,hammer,hammer,0.764740,1,1,0.210611,pliers,0.248475,1,0,0.266550,hammer,0.805907,1,1,1.534813,screwdriver,0.416307,1,0,0.628956
망치/IMG_2468.HEIC,hammer,hammer,0.896355,1,1,0.208687,hammer,0.368122,1,1,0.223625,pliers,0.506859,1,0,1.356075,hammer,0.399411,1,1,0.632012
망치/IMG_0267.JPG,hammer,hammer,0.833522,1,1,0.077000,pliers,0.242421,1,0,0.110258,hammer,0.244965,1,1,0.396829,hammer,0.357442,1,1,0.587526
망치/IMG_2530.HEIC,hammer,hammer,0.874575,1,1,0.194262,hammer,0.465351,1,1,0.227524,hammer,0.740393,1,1,1.314396,hammer,0.393774,1,1,0.625316
망치/IMG_2531.HEIC,hammer,hammer,0.859268,1,1,0.218020,hammer,0.394417,1,1,0.245803,pliers,0.683532,1,0,1.388513,screwdriver,0.405989,1,0,0.606707
망치/IMG_2519.HEIC,hammer,hammer,0.864900,1,1,0.190450,screwdriver,0.343643,1,0,0.230595,hammer,0.664391,1,1,1.339609,screwdriver,0.365297,1,0,0.676607
망치/IMG_2549.HEIC,hammer,hammer,0.593319,1,1,0.201390,hammer,0.271524,1,1,0.241602,pliers,0.514949,1,0,1.393891,hammer,0.351138,1,1,0.648492
드라이버/드라이버_김지호/IMG_6418.jpeg,screwdriver,screwdriver,0.753124,1,1,0.106379,screwdriver,0.335335,1,1,0.135998,screwdriver,0.676018,1,1,0.544206,pliers,0.383329,1,0,0.422964
망치/IMG_2559.HEIC,hammer,hammer,0.882401,1,1,0.209857,pliers,0.354222,1,0,0.250390,pliers,0.564617,1,0,1.372669,hammer,0.479270,1,1,0.464897
망치/IMG_2539.HEIC,hammer,hammer,0.860269,1,1,0.193897,hammer,0.457480,1,1,0.223262,hammer,0.544184,1,1,1.334034,hammer,0.405081,1,1,0.692726
망치/IMG_2543.HEIC,hammer,hammer,0.656359,1,1,0.193922,hammer,0.271385,1,1,0.232052,pliers,0.672561,1,0,1.415456,hammer,0.431973,1,1,0.683128
망치/IMG_2540.HEIC,hammer,hammer,0.825471,1,1,0.218177,screwdriver,0.387608,1,0,0.233570,hammer,0.543175,1,1,1.403173,hammer,0.385264,1,1,0.603736
망치/IMG_2533.HEIC,hammer,hammer,0.865723,1,1,0.188969,screwdriver,0.439213,1,0,0.220852,pliers,0.660373,1,0,1.319564,hammer,0.367160,1,1,0.538289
망치/IMG_2513.HEIC,hammer,hammer,0.746420,1,1,0.194813,pliers,0.251906,1,0,0.237047,hammer,0.688552,1,1,1.405429,pliers,0.431848,1,0,0.575172
망치/IMG_2493.HEIC,hammer,hammer,0.882045,1,1,0.203929,hammer,0.545411,1,1,0.246923,hammer,0.456106,1,1,1.357021,hammer,0.405869,1,1,0.619910
망치/IMG_2522.HEIC,hammer,hammer,0.843748,1,1,0.192922,screwdriver,0.383510,1,0,0.229078,hammer,0.687486,1,1,1.366042,hammer,0.376694,1,1,0.650628
망치/IMG_2509.HEIC,hammer,hammer,0.811125,1,1,0.205247,screwdriver,0.249295,1,0,0.225716,pliers,0.627902,1,0,1.314129,hammer,0.457322,1,1,0.524107
망치/IMG_2521.HEIC,hammer,hammer,0.767901,1,1,0.192813,hammer,0.419521,1,1,0.229403,hammer,0.795778,1,1,1.327361,screwdriver,0.410563,1,0,0.626490
망치/IMG_0268.JPG,hammer,wrench,0.612932,1,0,0.080317,pliers,0.101064,1,0,0.103710,pliers,0.470165,1,0,0.384598,hammer,0.372990,1,1,0.505954
망치/IMG_2490.HEIC,hammer,hammer,0.869949,1,1,0.217916,screwdriver,0.281832,1,0,0.229806,hammer,0.678409,1,1,1.410206,hammer,0.402173,1,1,0.535155
망치/IMG_2499.HEIC,hammer,hammer,0.909684,1,1,0.191647,screwdriver,0.208216,1,0,0.234862,pliers,0.565987,1,0,1.397087,hammer,0.391801,1,1,0.630043
망치/IMG_2466.HEIC,hammer,hammer,0.859218,1,1,0.193562,pliers,0.200492,1,0,0.238037,pliers,0.727711,1,0,1.357681,screwdriver,0.385028,1,0,0.554459
망치/IMG_0269.JPG,hammer,wrench,0.780233,1,0,0.078830,pliers,0.127822,1,0,0.103348,pliers,0.350523,1,0,0.396191,screwdriver,0.409312,1,0,0.488669
망치/IMG_2475.HEIC,hammer,hammer,0.724174,1,1,0.199297,screwdriver,0.412831,1,0,0.244395,pliers,0.556001,1,0,1.331205,hammer,0.469858,1,1,0.433900
망치/IMG_0255.JPG,hammer,hammer,0.862465,1,1,0.080536,hammer,0.382592,1,1,0.103070,pliers,0.435612,1,0,0.391543,hammer,0.352961,1,1,0.539096
망치/IMG_0260.JPG,hammer,hammer,0.689977,1,1,0.076100,hammer,0.135014,1,1,0.104003,hammer,0.442674,1,1,0.384901,hammer,0.434543,1,1,0.478736
망치/IMG_0264.JPG,hammer,wrench,0.449417,1,0,0.074755,hammer,0.322190,1,1,0.100393,pliers,0.704363,1,0,0.384695,hammer,0.360967,1,1,0.577193
망치/IMG_2470.HEIC,hammer,hammer,0.820561,1,1,0.199717,hammer,0.300869,1,1,0.251470,pliers,0.557518,1,0,1.440399,,0.396860,0,0,0.459980
망치/IMG_2469.HEIC,hammer,hammer,0.576479,1,1,0.192120,screwdriver,0.337139,1,0,0.233167,pliers,0.671510,1,0,1.516386,pliers,0.424100,1,0,0.456129
망치/IMG_2512.HEIC,hammer,hammer,0.833681,1,1,0.193091,pliers,0.288261,1,0,0.231614,pliers,0.686042,1,0,1.362961,pliers,0.459871,1,0,0.514724
망치/IMG_2473.HEIC,hammer,hammer,0.562931,1,1,0.192256,hammer,0.372627,1,1,0.239863,hammer,0.583356,1,1,1.324061,hammer,0.428034,1,1,0.387473
망치/IMG_2476.HEIC,hammer,hammer,0.821215,1,1,0.191297,screwdriver,0.329954,1,0,0.224367,pliers,0.669054,1,0,1.402676,hammer,0.431691,1,1,0.414664
망치/IMG_2500.HEIC,hammer,hammer,0.392663,1,1,0.206875,hammer,0.196425,1,1,0.229491,pliers,0.320148,1,0,1.332138,hammer,0.413276,1,1,0.597178
망치/IMG_0244.JPG,hammer,screwdriver,0.746366,1,0,0.083012,pliers,0.278443,1,0,0.106650,hammer,0.385214,1,1,0.419302,hammer,0.338533,1,1,0.656543
망치/IMG_0232.JPG,hammer,hammer,0.771877,1,1,0.074183,hammer,0.331248,1,1,0.100421,pliers,0.433899,1,0,0.385329,hammer,0.414632,1,1,0.536594
망치/IMG_2489.HEIC,hammer,hammer,0.835191,1,1,0.203682,hammer,0.372123,1,1,0.232829,hammer,0.772569,1,1,1.331502,pliers,0.427970,1,0,0.446266
망치/IMG_2492.HEIC,hammer,hammer,0.545878,1,1,0.192904,hammer,0.530969,1,1,0.232190,hammer,0.763130,1,1,1.349560,hammer,0.445413,1,1,0.411162
망치/IMG_0226.JPG,hammer,hammer,0.415581,1,1,0.077927,hammer,0.595247,1,1,0.105244,hammer,0.480600,1,1,0.397131,pliers,0.408339,1,0,0.417258
망치/IMG_0266.JPG,hammer,hammer,0.906201,1,1,0.075185,pliers,0.170444,1,0,0.102130,hammer,0.441462,1,1,0.381352,hammer,0.384958,1,1,0.544427
망치/IMG_0237.JPG,hammer,hammer,0.578807,1,1,0.076144,pliers,0.228297,1,0,0.100790,hammer,0.398264,1,1,0.383224,hammer,0.499287,1,1,0.533008
망치/IMG_0263.JPG,hammer,hammer,0.306680,1,1,0.074678,hammer,0.233787,1,1,0.106947,hammer,0.610368,1,1,0.386318,hammer,0.365798,1,1,0.613188
망치/IMG_0246.JPG,hammer,screwdriver,0.510904,1,0,0.076660,pliers,0.124287,1,0,0.106616,hammer,0.204514,1,1,0.410528,hammer,0.392891,1,1,0.645246
망치/IMG_0257.JPG,hammer,hammer,0.837395,1,1,0.073960,hammer,0.316656,1,1,0.103574,hammer,0.745700,1,1,0.388765,screwdriver,0.396673,1,0,0.458820
망치/IMG_2472.HEIC,hammer,hammer,0.836984,1,1,0.190112,hammer,0.375775,1,1,0.234721,hammer,0.607298,1,1,1.359535,,0.460168,0,0,0.417522
망치/IMG_0231.JPG,hammer,,0.000000,0,0,0.075258,hammer,0.131245,1,1,0.105465,hammer,0.305970,1,1,0.396854,hammer,0.343308,1,1,0.640900
망치/IMG_0258.JPG,hammer,hammer,0.907764,1,1,0.077018,hammer,0.506923,1,1,0.100802,hammer,0.474619,1,1,0.385122,pliers,0.456965,1,0,0.462961
망치/IMG_0220.JPG,hammer,hammer,0.832320,1,1,0.075556,hammer,0.527067,1,1,0.103359,pliers,0.606446,1,0,0.384665,,0.420980,0,0,0.358966
망치/IMG_0253.JPG,hammer,hammer,0.837856,1,1,0.074481,pliers,0.150137,1,0,0.106610,hammer,0.349478,1,1,0.385012,hammer,0.385415,1,1,0.539194
망치/IMG_0219.JPG,hammer,hammer,0.890685,1,1,0.074655,hammer,0.435781,1,1,0.097711,pliers,0.660264,1,0,0.382231,hammer,0.405773,1,1,0.594357
망치/IMG_0238.JPG,hammer,hammer,0.424062,1,1,0.074809,hammer,0.288725,1,1,0.100304,hammer,0.345288,1,1,0.385582,hammer,0.346587,1,1,0.653566
망치/IMG_2477.HEIC,hammer,hammer,0.864381,1,1,0.199308,hammer,0.473589,1,1,0.225172,hammer,0.502053,1,1,1.338608,pliers,0.428984,1,0,0.412637
망치/IMG_0222.JPG,hammer,hammer,0.859275,1,1,0.080427,hammer,0.674074,1,1,0.104557,hammer,0.752001,1,1,0.389528,hammer,0.363323,1,1,0.538496
망치/IMG_0265.JPG,hammer,,0.000000,0,0,0.076867,hammer,0.102034,1,1,0.110008,hammer,0.437971,1,1,0.432721,hammer,0.365514,1,1,0.679151
망치/IMG_0224.JPG,hammer,hammer,0.762199,1,1,0.076488,hammer,0.437351,1,1,0.099629,hammer,0.641920,1,1,0.386649,hammer,0.385830,1,1,0.591521
망치/IMG_0234.JPG,hammer,hammer,0.873662,1,1,0.078000,hammer,0.482069,1,1,0.100690,hammer,0.654485,1,1,0.390127,hammer,0.350870,1,1,0.711137
망치/IMG_0228.JPG,hammer,hammer,0.782399,1,1,0.077813,pliers,0.079508,1,0,0.112755,pliers,0.468630,1,0,0.412152,hammer,0.369395,1,1,0.633841
망치/IMG_0225.JPG,hammer,hammer,0.394007,1,1,0.075355,hammer,0.429397,1,1,0.098727,hammer,0.201858,1,1,0.402716,pliers,0.448556,1,0,0.469268
망치/IMG_2491.HEIC,hammer,hammer,0.656006,1,1,0.195340,hammer,0.248254,1,1,0.225813,hammer,0.645657,1,1,1.330640,hammer,0.464021,1,1,0.476315
망치/IMG_0261.JPG,hammer,hammer,0.546712,1,1,0.081115,hammer,0.066625,1,1,0.103794,hammer,0.247928,1,1,0.392815,hammer,0.454388,1,1,0.398389
망치/IMG_0230.JPG,hammer,hammer,0.877179,1,1,0.078488,hammer,0.553461,1,1,0.107699,hammer,0.756180,1,1,0.403272,hammer,0.388768,1,1,0.484058
망치/IMG_0240.JPG,hammer,hammer,0.757591,1,1,0.075583,hammer,0.469559,1,1,0.102106,hammer,0.556622,1,1,0.410376,hammer,0.370735,1,1,0.615370
망치/IMG_2474.HEIC,hammer,hammer,0.854659,1,1,0.196254,hammer,0.383403,1,1,0.239401,hammer,0.646861,1,1,1.297152,hammer,0.437642,1,1,0.426358
망치/IMG_2501.HEIC,hammer,hammer,0.873688,1,1,0.196397,pliers,0.210659,1,0,0.236637,pliers,0.588665,1,0,1.375329,pliers,0.436627,1,0,0.573992
망치/IMG_0241.JPG,hammer,hammer,0.532031,1,1,0.077117,hammer,0.338490,1,1,0.098373,hammer,0.828606,1,1,0.383764,hammer,0.378941,1,1,0.572137
망치/IMG_0262.JPG,hammer,hammer,0.865333,1,1,0.075383,hammer,0.327300,1,1,0.101135,hammer,0.796489,1,1,0.390114,hammer,0.368118,1,1,0.586608
망치/IMG_2471.HEIC,hammer,screwdriver,0.551702,1,0,0.207435,screwdriver,0.448704,1,0,0.242429,pliers,0.374358,1,0,1.309958,hammer,0.459643,1,1,0.472169
망치/IMG_0259.JPG,hammer,hammer,0.815947,1,1,0.078834,hammer,0.539842,1,1,0.097740,pliers,0.494943,1,0,0.396869,hammer,0.399902,1,1,0.473593
망치/IMG_0248.JPG,hammer,hammer,0.779813,1,1,0.077742,pliers,0.122166,1,0,0.100655,pliers,0.457045,1,0,0.397026,pliers,0.389763,1,0,0.494238
망치/IMG_0236.JPG,hammer,screwdriver,0.574748,1,0,0.076392,pliers,0.278979,1,0,0.099550,pliers,0.346027,1,0,0.384367,hammer,0.397588,1,1,0.605238
망치/IMG_0245.JPG,hammer,screwdriver,0.583542,1,0,0.074953,hammer,0.356251,1,1,0.101417,hammer,0.319157,1,1,0.391095,hammer,0.333231,1,1,0.933814
망치/IMG_0233.JPG,hammer,hammer,0.713246,1,1,0.079201,hammer,0.443925,1,1,0.103345,hammer,0.620728,1,1,0.391212,screwdriver,0.355764,1,0,0.557888
망치/IMG_0229.JPG,hammer,hammer,0.647955,1,1,0.074077,hammer,0.237392,1,1,0.107547,pliers,0.269686,1,0,0.385801,hammer,0.342678,1,1,0.763393
망치/IMG_0227.JPG,hammer,hammer,0.483559,1,1,0.075464,hammer,0.472756,1,1,0.106016,hammer,0.614787,1,1,0.384469,pliers,0.421224,1,0,0.419951
망치/IMG_0247.JPG,hammer,hammer,0.828828,1,1,0.074779,pliers,0.133377,1,0,0.100918,pliers,0.228666,1,0,0.383543,hammer,0.447467,1,1,0.529676
망치/IMG_0249.JPG,hammer,hammer,0.814772,1,1,0.076940,hammer,0.226921,1,1,0.108446,pliers,0.347704,1,0,0.411054,hammer,0.375567,1,1,0.542667
망치/IMG_0251.JPG,hammer,hammer,0.822328,1,1,0.075298,hammer,0.405947,1,1,0.105848,hammer,0.629376,1,1,0.400155,screwdriver,0.415837,1,0,0.568218
집게류/IMG_2546.HEIC,pliers,pliers,0.842154,1,1,0.193263,pliers,0.327376,1,1,0.220813,pliers,0.649111,1,1,1.331641,hammer,0.387702,1,0,0.636476
망치/IMG_0221.JPG,hammer,,0.000000,0,0,0.078147,screwdriver,0.167656,1,0,0.105294,screwdriver,0.265551,1,0,0.397888,hammer,0.372739,1,1,0.666166
망치/IMG_0223.JPG,hammer,screwdriver,0.604835,1,0,0.075423,hammer,0.660047,1,1,0.101778,hammer,0.770339,1,1,0.391322,hammer,0.376111,1,1,0.615331
집게류/IMG_2557.HEIC,pliers,pliers,0.796405,1,1,0.190054,hammer,0.188006,1,0,0.237587,pliers,0.769771,1,1,1.323881,screwdriver,0.399467,1,0,0.581063
망치/IMG_0252.JPG,hammer,hammer,0.845289,1,1,0.077988,pliers,0.297694,1,0,0.097922,pliers,0.452814,1,0,0.399869,hammer,0.397152,1,1,0.505098
집게류/IMG_2545.HEIC,pliers,pliers,0.923898,1,1,0.190173,pliers,0.296802,1,1,0.229024,pliers,0.803995,1,1,1.322374,hammer,0.384756,1,0,0.561024
망치/IMG_0243.JPG,hammer,hammer,0.501788,1,1,0.077309,hammer,0.431598,1,1,0.100383,hammer,0.202973,1,1,0.389908,hammer,0.357310,1,1,0.623612
집게류/IMG_2527.HEIC,pliers,pliers,0.548225,1,1,0.188759,pliers,0.171556,1,1,0.239873,pliers,0.488176,1,1,1.399120,hammer,0.349858,1,0,0.602484
집게류/IMG_2526.HEIC,pliers,pliers,0.806023,1,1,0.190914,pliers,0.313929,1,1,0.222758,pliers,0.689023,1,1,1.348708,hammer,0.372084,1,0,0.727203
집게류/IMG_2565.HEIC,pliers,pliers,0.918468,1,1,0.192688,pliers,0.499900,1,1,0.236916,pliers,0.808465,1,1,1.350998,pliers,0.399868,1,1,0.512180
망치/IMG_0239.JPG,hammer,hammer,0.879557,1,1,0.095747,pliers,0.279108,1,0,0.103003,pliers,0.497549,1,0,0.386384,hammer,0.350503,1,1,0.627410
집게류/IMG_2568.HEIC,pliers,screwdriver,0.632513,1,0,0.188970,pliers,0.366278,1,1,0.238249,pliers,0.636263,1,1,1.497406,hammer,0.400811,1,0,0.535043
집게류/IMG_2517.HEIC,pliers,hammer,0.498402,1,0,0.190072,pliers,0.291694,1,1,0.227412,pliers,0.552788,1,1,1.353592,hammer,0.382687,1,0,0.567217
망치/IMG_0254.JPG,hammer,hammer,0.788276,1,1,0.077513,hammer,0.427777,1,1,0.104498,hammer,0.278562,1,1,0.397135,hammer,0.352869,1,1,0.606133
망치/IMG_0242.JPG,hammer,hammer,0.364527,1,1,0.078339,hammer,0.294615,1,1,0.098726,hammer,0.344021,1,1,0.379891,hammer,0.347595,1,1,0.555990
집게류/IMG_2544.HEIC,pliers,pliers,0.888155,1,1,0.190696,pliers,0.393088,1,1,0.225454,pliers,0.712027,1,1,1.333484,hammer,0.364815,1,0,0.672844
집게류/IMG_2518.HEIC,pliers,pliers,0.535340,1,1,0.190301,pliers,0.292409,1,1,0.242665,pliers,0.514707,1,1,1.368491,hammer,0.333244,1,0,0.617320
망치/IMG_0250.JPG,hammer,hammer,0.450453,1,1,0.081144,hammer,0.307105,1,1,0.099118,hammer,0.174500,1,1,0.384375,hammer,0.381679,1,1,0.521545
집게류/IMG_2567.HEIC,pliers,pliers,0.914429,1,1,0.190250,pliers,0.436014,1,1,0.230287,pliers,0.837790,1,1,1.336527,pliers,0.416533,1,1,0.538026
망치/IMG_0235.JPG,hammer,hammer,0.864505,1,1,0.077295,hammer,0.445188,1,1,0.096496,hammer,0.444206,1,1,0.392310,hammer,0.413813,1,1,0.667755
집게류/IMG_2569.HEIC,pliers,pliers,0.900251,1,1,0.189993,pliers,0.250096,1,1,0.241518,pliers,0.698837,1,1,1.375318,hammer,0.393457,1,0,0.539044
집게류/IMG_2566.HEIC,pliers,pliers,0.932199,1,1,0.189916,pliers,0.465095,1,1,0.237214,pliers,0.643752,1,1,1.362284,hammer,0.366794,1,0,0.509526
집게류/IMG_2528.HEIC,pliers,pliers,0.691214,1,1,0.190641,pliers,0.343148,1,1,0.229127,pliers,0.848382,1,1,1.352291,hammer,0.374187,1,0,0.546917
집게류/IMG_2548.HEIC,pliers,pliers,0.857737,1,1,0.191561,pliers,0.325155,1,1,0.227358,pliers,0.748294,1,1,1.363506,pliers,0.380117,1,1,0.492621
집게류/IMG_2558.HEIC,pliers,pliers,0.831373,1,1,0.192758,pliers,0.304940,1,1,0.226223,pliers,0.723911,1,1,1.378434,screwdriver,0.390442,1,0,0.617551
집게류/IMG_2554.HEIC,pliers,pliers,0.878271,1,1,0.190637,pliers,0.338223,1,1,0.239909,pliers,0.823777,1,1,1.393596,screwdriver,0.390792,1,0,0.644527
집게류/IMG_2534.HEIC,pliers,pliers,0.922425,1,1,0.189423,pliers,0.569619,1,1,0.229568,pliers,0.509996,1,1,1.401314,hammer,0.327945,1,0,0.618155
집게류/IMG_2506.HEIC,pliers,pliers,0.915278,1,1,0.192709,pliers,0.206304,1,1,0.227312,pliers,0.332420,1,1,1.342346,pliers,0.454502,1,1,0.600839
집게류/IMG_2535.HEIC,pliers,pliers,0.896900,1,1,0.190911,pliers,0.352573,1,1,0.236278,pliers,0.644817,1,1,1.366161,hammer,0.327958,1,0,0.540984
집게류/IMG_2516.HEIC,pliers,pliers,0.647421,1,1,0.189223,hammer,0.381163,1,0,0.227092,pliers,0.679681,1,1,1.310575,pliers,0.406884,1,1,0.422722
집게류/IMG_2555.HEIC,pliers,pliers,0.837238,1,1,0.188537,hammer,0.250752,1,0,0.232763,pliers,0.745605,1,1,1.378425,hammer,0.362735,1,0,0.618633
집게류/IMG_2496.HEIC,pliers,pliers,0.810296,1,1,0.191977,pliers,0.214535,1,1,0.231181,pliers,0.870959,1,1,1.404346,screwdriver,0.444972,1,0,0.427832
집게류/IMG_2537.HEIC,pliers,pliers,0.653695,1,1,0.191684,pliers,0.432651,1,1,0.229271,pliers,0.742200,1,1,1.323867,screwdriver,0.343194,1,0,0.570057
집게류/IMG_2536.HEIC,pliers,hammer,0.742033,1,0,0.201732,pliers,0.495315,1,1,0.231689,pliers,0.731523,1,1,1.314586,hammer,0.383896,1,0,0.636841
집게류/IMG_2486.HEIC,pliers,hammer,0.507060,1,0,0.191330,pliers,0.505340,1,1,0.229981,pliers,0.503715,1,1,1.351196,hammer,0.377489,1,0,0.464532
집게류/IMG_2538.HEIC,pliers,pliers,0.897392,1,1,0.195883,pliers,0.408217,1,1,0.232416,pliers,0.807230,1,1,1.307681,hammer,0.353051,1,0,0.599795
집게류/IMG_2525.HEIC,pliers,pliers,0.832842,1,1,0.195294,pliers,0.464440,1,1,0.240366,pliers,0.851425,1,1,1.409034,hammer,0.385083,1,0,0.634557
집게류/IMG_2524.HEIC,pliers,pliers,0.886899,1,1,0.200262,pliers,0.417748,1,1,0.231527,pliers,0.719559,1,1,1.436490,hammer,0.375937,1,0,0.646434
집게류/IMG_2556.HEIC,pliers,hammer,0.775106,1,0,0.195162,hammer,0.374611,1,0,0.234439,pliers,0.829618,1,1,1.437214,screwdriver,0.408771,1,0,0.697608
집게류/IMG_2515.HEIC,pliers,hammer,0.351977,1,0,0.193256,pliers,0.337721,1,1,0.237438,pliers,0.610598,1,1,1.378527,hammer,0.356198,1,0,0.543681
집게류/IMG_2547.HEIC,pliers,pliers,0.920143,1,1,0.192917,pliers,0.363369,1,1,0.224908,pliers,0.683792,1,1,1.326728,hammer,0.342406,1,0,0.688069
집게류/IMG_2514.HEIC,pliers,hammer,0.853987,1,0,0.190533,hammer,0.376554,1,0,0.228261,pliers,0.772415,1,1,1.360604,pliers,0.383641,1,1,0.503053
집게류/IMG_2508.HEIC,pliers,,0.000000,0,0,0.190917,pliers,0.481051,1,1,0.236427,pliers,0.552962,1,1,1.357949,pliers,0.408524,1,1,0.528280
집게류/IMG_2487.HEIC,pliers,pliers,0.867884,1,1,0.192394,pliers,0.288669,1,1,0.240228,pliers,0.766703,1,1,1.379161,hammer,0.385757,1,0,0.534150
집게류/IMG_4966.JPG,pliers,screwdriver,0.681397,1,0,0.127650,pliers,0.296060,1,1,0.132530,screwdriver,0.611841,1,0,0.516096,hammer,0.348948,1,0,0.684684
집게류/IMG_4968.JPG,pliers,screwdriver,0.776180,1,0,0.104744,pliers,0.279596,1,1,0.139970,screwdriver,0.585688,1,0,0.523577,hammer,0.375663,1,0,0.607126
집게류/IMG_2482.HEIC,pliers,pliers,0.914572,1,1,0.189994,pliers,0.268987,1,1,0.227042,pliers,0.719895,1,1,1.377084,hammer,0.344759,1,0,0.722690
집게류/IMG_2505.HEIC,pliers,hammer,0.365288,1,0,0.189300,screwdriver,0.361736,1,0,0.231975,pliers,0.699175,1,1,1.461747,hammer,0.423534,1,0,0.641028
집게류/IMG_2498.HEIC,pliers,pliers,0.696959,1,1,0.195718,hammer,0.308929,1,0,0.226554,pliers,0.636893,1,1,1.453516,pliers,0.363867,1,1,0.483687
집게류/IMG_2494.HEIC,pliers,pliers,0.484565,1,1,0.204955,pliers,0.432689,1,1,0.234112,pliers,0.829447,1,1,1.328563,hammer,0.444852,1,0,0.421976
집게류/IMG_2504.HEIC,pliers,pliers,0.872250,1,1,0.188735,screwdriver,0.300178,1,0,0.223234,pliers,0.629183,1,1,1.315003,hammer,0.396101,1,0,0.481441
집게류/IMG_2480.HEIC,pliers,hammer,0.675714,1,0,0.190907,pliers,0.370158,1,1,0.229539,pliers,0.647879,1,1,1.334460,hammer,0.377258,1,0,0.457313
집게류/IMG_2507.HEIC,pliers,pliers,0.904643,1,1,0.192239,pliers,0.525565,1,1,0.239727,pliers,0.600278,1,1,1.368328,hammer,0.418912,1,0,0.447018
집게류/IMG_2495.HEIC,pliers,pliers,0.548924,1,1,0.190266,hammer,0.375914,1,0,0.236176,pliers,0.641720,1,1,1.458183,hammer,0.393680,1,0,0.401717
집게류/IMG_4970.JPG,pliers,hammer,0.568906,1,0,0.105511,pliers,0.252700,1,1,0.139560,pliers,0.507092,1,1,0.522477,hammer,0.362242,1,0,0.675961
집게류/IMG_4972.JPG,pliers,screwdriver,0.703476,1,0,0.105758,pliers,0.301185,1,1,0.138967,pliers,0.444855,1,1,0.513728,hammer,0.394030,1,0,0.659745
집게류/IMG_4967.JPG,pliers,wrench,0.838315,1,0,0.104303,pliers,0.380436,1,1,0.146941,screwdriver,0.612188,1,0,0.571537,hammer,0.393117,1,0,0.511928
집게류/IMG_2497.HEIC,pliers,screwdriver,0.382159,1,0,0.186745,pliers,0.418548,1,1,0.246451,pliers,0.726766,1,1,1.408307,,0.426624,0,0,0.406481
집게류/IMG_2485.HEIC,pliers,pliers,0.925765,1,1,0.191854,pliers,0.503954,1,1,0.233770,pliers,0.673997,1,1,1.383191,hammer,0.423099,1,0,0.432128
집게류/IMG_5001.JPG,pliers,hammer,0.555976,1,0,0.107954,pliers,0.310537,1,1,0.137251,screwdriver,0.498032,1,0,0.525931,hammer,0.433642,1,0,0.566240
집게류/IMG_2484.HEIC,pliers,pliers,0.633165,1,1,0.196577,pliers,0.317442,1,1,0.238326,pliers,0.569426,1,1,1.402020,screwdriver,0.389383,1,0,0.550026
집게류/IMG_4975.JPG,pliers,hammer,0.722811,1,0,0.104189,pliers,0.299781,1,1,0.133800,pliers,0.505832,1,1,0.526924,hammer,0.400084,1,0,0.572285
집게류/IMG_2488.HEIC,pliers,screwdriver,0.566321,1,0,0.190789,pliers,0.251881,1,1,0.239956,pliers,0.514123,1,1,1.405091,hammer,0.447863,1,0,0.543708
집게류/IMG_2483.HEIC,pliers,pliers,0.674304,1,1,0.192766,pliers,0.380691,1,1,0.254867,pliers,0.715825,1,1,1.412521,,0.404548,0,0,0.400991
집게류/IMG_4969.JPG,pliers,hammer,0.533820,1,0,0.108534,pliers,0.289102,1,1,0.136090,pliers,0.458932,1,1,0.547065,hammer,0.387364,1,0,0.629612
집게류/IMG_4997.JPG,pliers,,0.000000,0,0,0.103980,pliers,0.260751,1,1,0.135449,pliers,0.403326,1,1,0.546476,hammer,0.327554,1,0,0.651400
집게류/IMG_4995.JPG,pliers,screwdriver,0.610050,1,0,0.108399,pliers,0.249659,1,1,0.135295,pliers,0.398966,1,1,0.508365,hammer,0.429085,1,0,0.708907
집게류/IMG_4990.JPG,pliers,screwdriver,0.796667,1,0,0.105498,screwdriver,0.270248,1,0,0.136843,screwdriver,0.522575,1,0,0.518033,hammer,0.389493,1,0,0.605009
집게류/IMG_2479.HEIC,pliers,pliers,0.904259,1,1,0.187348,pliers,0.432152,1,1,0.247946,pliers,0.727000,1,1,1.428791,hammer,0.401597,1,0,0.513737
집게류/IMG_5009.JPG,pliers,screwdriver,0.321739,1,0,0.108718,hammer,0.255305,1,0,0.133831,screwdriver,0.518682,1,0,0.521724,hammer,0.341452,1,0,0.618806
집게류/IMG_5007.JPG,pliers,screwdriver,0.365925,1,0,0.108296,screwdriver,0.346785,1,0,0.144952,screwdriver,0.553183,1,0,0.602502,hammer,0.359883,1,0,0.590090
집게류/IMG_4996.JPG,pliers,screwdriver,0.479947,1,0,0.108464,pliers,0.233239,1,1,0.137445,pliers,0.532320,1,1,0.560261,hammer,0.392315,1,0,0.754542
집게류/IMG_4982.JPG,pliers,hammer,0.522891,1,0,0.104799,screwdriver,0.412010,1,0,0.129210,screwdriver,0.367927,1,0,0.531325,hammer,0.374253,1,0,0.522036
집게류/IMG_5005.JPG,pliers,screwdriver,0.569792,1,0,0.103574,hammer,0.272944,1,0,0.138249,pliers,0.500627,1,1,0.522938,hammer,0.337538,1,0,0.601332
집게류/IMG_2481.HEIC,pliers,pliers,0.929650,1,1,0.189554,pliers,0.305766,1,1,0.226241,pliers,0.669852,1,1,1.360769,hammer,0.372099,1,0,0.667600
집게류/IMG_4999.JPG,pliers,screwdriver,0.503022,1,0,0.111472,pliers,0.287661,1,1,0.145695,pliers,0.467652,1,1,0.544806,hammer,0.370068,1,0,0.672044
집게류/IMG_4973.JPG,pliers,screwdriver,0.418568,1,0,0.105029,screwdriver,0.181921,1,0,0.132021,pliers,0.471430,1,1,0.513983,hammer,0.371540,1,0,0.637505
집게류/IMG_2478.HEIC,pliers,pliers,0.812684,1,1,0.197262,pliers,0.208456,1,1,0.228776,pliers,0.462488,1,1,1.276672,pliers,0.440333,1,1,0.520701
집게류/IMG_4998.JPG,pliers,wrench,0.678431,1,0,0.127972,pliers,0.278250,1,1,0.132437,screwdriver,0.456302,1,0,0.484127,hammer,0.355424,1,0,0.684901
집게류/IMG_4993.JPG,pliers,screwdriver,0.798197,1,0,0.104781,screwdriver,0.285009,1,0,0.125087,screwdriver,0.363533,1,0,0.487358,hammer,0.387035,1,0,0.598903
집게류/IMG_5006.JPG,pliers,screwdriver,0.584444,1,0,0.108171,screwdriver,0.343899,1,0,0.125002,screwdriver,0.527483,1,0,0.488477,hammer,0.381387,1,0,0.528956
집게류/IMG_4989.JPG,pliers,screwdriver,0.776109,1,0,0.103908,screwdriver,0.295162,1,0,0.130447,screwdriver,0.444019,1,0,0.482454,hammer,0.403136,1,0,0.540558
집게류/IMG_4994.JPG,pliers,screwdriver,0.740913,1,0,0.105014,screwdriver,0.395527,1,0,0.123373,screwdriver,0.440623,1,0,0.490892,hammer,0.476648,1,0,0.549435
집게류/IMG_4974.JPG,pliers,screwdriver,0.379333,1,0,0.104031,pliers,0.228641,1,1,0.131101,pliers,0.438283,1,1,0.494739,hammer,0.381394,1,0,0.598372
집게류/IMG_4962.JPG,pliers,pliers,0.799516,1,1,0.106366,screwdriver,0.300402,1,0,0.128311,pliers,0.429109,1,1,0.485578,hammer,0.361819,1,0,0.543755
집게류/IMG_4978.JPG,pliers,hammer,0.351560,1,0,0.104240,pliers,0.329605,1,1,0.130715,pliers,0.562896,1,1,0.486115,hammer,0.359063,1,0,0.604584
집게류/IMG_4879.HEIC,pliers,hammer,0.900325,1,0,0.188032,pliers,0.219409,1,1,0.224983,pliers,0.513141,1,1,1.299232,hammer,0.380573,1,0,0.769432
집게류/IMG_4987.JPG,pliers,hammer,0.459969,1,0,0.107602,pliers,0.144181,1,1,0.127247,screwdriver,0.189580,1,0,0.498808,pliers,0.457455,1,1,0.497489
집게류/IMG_5008.JPG,pliers,hammer,0.347556,1,0,0.106697,hammer,0.287255,1,0,0.132131,screwdriver,0.521659,1,0,0.551545,hammer,0.326163,1,0,0.613675
집게류/IMG_4992.JPG,pliers,screwdriver,0.773290,1,0,0.106697,hammer,0.322434,1,0,0.132631,screwdriver,0.607172,1,0,0.594906,hammer,0.443084,1,0,0.992166
집게류/IMG_4971.JPG,pliers,,0.000000,0,0,0.167072,pliers,0.238365,1,1,0.186090,screwdriver,0.532067,1,0,0.710917,hammer,0.464870,1,0,0.772514
집게류/IMG_5011.JPG,pliers,hammer,0.286791,1,0,0.134134,screwdriver,0.281349,1,0,0.151214,pliers,0.429067,1,1,0.566774,hammer,0.369815,1,0,0.661294
집게류/IMG_4988.JPG,pliers,hammer,0.725664,1,0,0.105491,pliers,0.184447,1,1,0.134762,screwdriver,0.168092,1,0,0.547034,hammer,0.415192,1,0,0.584440
집게류/IMG_5010.JPG,pliers,screwdriver,0.411277,1,0,0.106382,screwdriver,0.269941,1,0,0.139233,pliers,0.460078,1,1,0.516784,hammer,0.384957,1,0,0.665944
집게류/IMG_4977.JPG,pliers,wrench,0.550581,1,0,0.106633,pliers,0.204187,1,1,0.131995,screwdriver,0.520387,1,0,0.523024,hammer,0.414635,1,0,0.553259
집게류/IMG_5003.JPG,pliers,screwdriver,0.656120,1,0,0.107619,pliers,0.398356,1,1,0.145494,pliers,0.452024,1,1,0.527409,hammer,0.338771,1,0,0.683042
집게류/IMG_5004.JPG,pliers,hammer,0.561529,1,0,0.105590,hammer,0.312837,1,0,0.138876,screwdriver,0.474049,1,0,0.516248,hammer,0.370374,1,0,0.585057
집게류/IMG_4882.HEIC,pliers,screwdriver,0.795258,1,0,0.203666,pliers,0.373536,1,1,0.225193,pliers,0.720682,1,1,1.376142,hammer,0.444569,1,0,0.661992
집게류/IMG_4874.HEIC,pliers,hammer,0.704107,1,0,0.193690,pliers,0.440966,1,1,0.231879,pliers,0.308690,1,1,1.297529,,0.502792,0,0,0.468868
집게류/IMG_4870.HEIC,pliers,pliers,0.784039,1,1,0.204839,pliers,0.247883,1,1,0.232027,pliers,0.459985,1,1,1.298643,hammer,0.404108,1,0,0.586420
집게류/IMG_4869.HEIC,pliers,hammer,0.502120,1,0,0.199892,screwdriver,0.201785,1,0,0.229760,pliers,0.449639,1,1,1.308699,pliers,0.373855,1,1,0.537159
집게류/IMG_4985.JPG,pliers,hammer,0.678976,1,0,0.107158,screwdriver,0.221862,1,0,0.137466,screwdriver,0.299475,1,0,0.513319,pliers,0.411026,1,1,0.459207
집게류/IMG_4976.JPG,pliers,screwdriver,0.570018,1,0,0.107564,pliers,0.265987,1,1,0.133071,pliers,0.504373,1,1,0.494832,hammer,0.442889,1,0,0.622347
집게류/IMG_4991.JPG,pliers,screwdriver,0.700010,1,0,0.104586,hammer,0.227363,1,0,0.130682,screwdriver,0.550966,1,0,0.502989,hammer,0.455320,1,0,0.605292
집게류/IMG_5002.JPG,pliers,screwdriver,0.606752,1,0,0.105582,hammer,0.262268,1,0,0.134589,screwdriver,0.533233,1,0,0.499354,hammer,0.419474,1,0,0.535933
집게류/IMG_4965.JPG,pliers,drill,0.322857,1,0,0.102896,pliers,0.373624,1,1,0.134008,pliers,0.533553,1,1,0.498587,hammer,0.378366,1,0,0.601259
집게류/IMG_4986.JPG,pliers,hammer,0.410474,1,0,0.105381,hammer,0.227885,1,0,0.124737,pliers,0.351441,1,1,0.515887,hammer,0.341503,1,0,0.643734
집게류/IMG_4873.HEIC,pliers,hammer,0.659558,1,0,0.189127,pliers,0.435198,1,1,0.224624,pliers,0.521128,1,1,1.358010,,0.438333,0,0,0.435843
집게류/IMG_4880.HEIC,pliers,screwdriver,0.676659,1,0,0.256480,pliers,0.329082,1,1,0.255129,pliers,0.681692,1,1,1.361336,hammer,0.368127,1,0,0.744463
집게류/IMG_4868.HEIC,pliers,hammer,0.430063,1,0,0.198060,pliers,0.315225,1,1,0.225714,pliers,0.484909,1,1,1.322566,hammer,0.309577,1,0,0.625595
집게류/IMG_4866.HEIC,pliers,pliers,0.904492,1,1,0.191818,pliers,0.234720,1,1,0.215257,pliers,0.721944,1,1,1.300956,hammer,0.427102,1,0,0.408110
집게류/IMG_4871.HEIC,pliers,pliers,0.663392,1,1,0.188914,hammer,0.412476,1,0,0.211084,pliers,0.516895,1,1,1.295437,hammer,0.366576,1,0,0.577527
집게류/IMG_4861.HEIC,pliers,,0.000000,0,0,0.102603,pliers,0.267274,1,1,0.141540,pliers,0.495312,1,1,0.482614,hammer,0.434622,1,0,0.394951
집게류/IMG_4860.HEIC,pliers,,0.000000,0,0,0.101155,pliers,0.371634,1,1,0.127198,pliers,0.613449,1,1,0.480290,screwdriver,0.456335,1,0,0.398934
집게류/IMG_4856.HEIC,pliers,pliers,0.732033,1,1,0.101187,pliers,0.259213,1,1,0.125862,pliers,0.555419,1,1,0.489238,hammer,0.353080,1,0,0.612419
집게류/IMG_4981.JPG,pliers,screwdriver,0.732387,1,0,0.104247,screwdriver,0.272037,1,0,0.125135,pliers,0.336255,1,1,0.481356,hammer,0.395134,1,0,0.621500
집게류/IMG_4855.HEIC,pliers,hammer,0.493494,1,0,0.103695,pliers,0.396814,1,1,0.126511,pliers,0.543011,1,1,0.496952,hammer,0.375596,1,0,0.629495
집게류/IMG_4957.JPG,pliers,pliers,0.462676,1,1,0.104236,pliers,0.393256,1,1,0.132328,pliers,0.665569,1,1,0.499862,pliers,0.449412,1,1,0.503106
집게류/IMG_4984.JPG,pliers,screwdriver,0.606296,1,0,0.103324,screwdriver,0.419379,1,0,0.128220,hammer,0.424281,1,0,0.476319,hammer,0.380235,1,0,0.576305
집게류/IMG_4862.HEIC,pliers,wrench,0.497062,1,0,0.103024,screwdriver,0.227054,1,0,0.126332,pliers,0.795084,1,1,0.474743,pliers,0.419257,1,1,0.442582
집게류/IMG_4859.HEIC,pliers,wrench,0.535028,1,0,0.102294,screwdriver,0.301603,1,0,0.132197,pliers,0.395955,1,1,0.481499,,0.438238,0,0,0.409616
집게류/IMG_4854.HEIC,pliers,hammer,0.684417,1,0,0.103083,hammer,0.271575,1,0,0.129428,pliers,0.661451,1,1,0.492714,hammer,0.310145,1,0,0.637382
집게류/IMG_4979.JPG,pliers,screwdriver,0.517461,1,0,0.108840,pliers,0.258657,1,1,0.125988,pliers,0.577060,1,1,0.476803,hammer,0.388948,1,0,0.587328
집게류/IMG_4960.JPG,pliers,screwdriver,0.712588,1,0,0.104844,hammer,0.280334,1,0,0.131007,pliers,0.367361,1,1,0.480816,pliers,0.432008,1,1,0.402983
집게류/IMG_4961.JPG,pliers,,0.000000,0,0,0.101763,hammer,0.289084,1,0,0.130926,pliers,0.719776,1,1,0.493206,hammer,0.368459,1,0,0.598124
집게류/IMG_4980.JPG,pliers,screwdriver,0.874321,1,0,0.104421,screwdriver,0.371047,1,0,0.125255,pliers,0.566502,1,1,0.480510,hammer,0.391310,1,0,0.637657
집게류/IMG_4959.JPG,pliers,pliers,0.407093,1,1,0.102245,screwdriver,0.299435,1,0,0.126503,pliers,0.403920,1,1,0.474263,hammer,0.379213,1,0,0.568507
집게류/IMG_4983.JPG,pliers,screwdriver,0.519111,1,0,0.101951,screwdriver,0.319824,1,0,0.127724,pliers,0.466955,1,1,0.477901,hammer,0.433718,1,0,0.455997
집게류/IMG_4877.HEIC,pliers,hammer,0.746261,1,0,0.102929,pliers,0.406409,1,1,0.134245,pliers,0.768209,1,1,0.480280,pliers,0.383555,1,1,0.582242
집게류/IMG_4964.JPG,pliers,screwdriver,0.793099,1,0,0.103758,screwdriver,0.393677,1,0,0.127480,pliers,0.457055,1,1,0.489660,pliers,0.431840,1,1,0.476142
집게류/IMG_4836.HEIC,pliers,pliers,0.812812,1,1,0.199776,pliers,0.298113,1,1,0.243990,pliers,0.781609,1,1,1.300280,screwdriver,0.452788,1,0,0.597520
집게류/IMG_4845.HEIC,pliers,pliers,0.768858,1,1,0.192032,pliers,0.539108,1,1,0.219258,pliers,0.319454,1,1,1.288080,pliers,0.397295,1,1,0.455756
집게류/IMG_4958.JPG,pliers,pliers,0.832984,1,1,0.104282,pliers,0.410314,1,1,0.133614,pliers,0.771175,1,1,0.478859,hammer,0.433914,1,0,0.370167
집게류/IMG_4878.HEIC,pliers,hammer,0.405315,1,0,0.196364,pliers,0.285115,1,1,0.225336,pliers,0.712808,1,1,1.214402,hammer,0.385530,1,0,0.738438
집게류/IMG_4881.HEIC,pliers,pliers,0.679796,1,1,0.189803,pliers,0.386400,1,1,0.219438,pliers,0.734433,1,1,1.296135,hammer,0.336484,1,0,0.698986
집게류/IMG_4875.HEIC,pliers,hammer,0.315197,1,0,0.103957,pliers,0.377696,1,1,0.131352,pliers,0.493141,1,1,0.486702,hammer,0.398124,1,0,0.353291
집게류/IMG_4876.HEIC,pliers,pliers,0.814413,1,1,0.104559,pliers,0.474784,1,1,0.123902,pliers,0.502416,1,1,0.478299,,0.444854,0,0,0.355389
집게류/IMG_4956.JPG,pliers,hammer,0.274153,1,0,0.105473,hammer,0.263732,1,0,0.127412,pliers,0.242990,1,1,0.482535,pliers,0.467512,1,1,0.543451
집게류/IMG_4867.HEIC,pliers,hammer,0.737889,1,0,0.192169,pliers,0.299900,1,1,0.245284,pliers,0.745455,1,1,1.333079,screwdriver,0.355339,1,0,0.533955
집게류/IMG_4865.HEIC,pliers,pliers,0.848314,1,1,0.125603,pliers,0.226660,1,1,0.130621,pliers,0.662777,1,1,0.507105,hammer,0.515004,1,0,0.338545
집게류/IMG_4864.HEIC,pliers,pliers,0.421045,1,1,0.103775,pliers,0.279339,1,1,0.135138,pliers,0.399828,1,1,0.484212,,0.375995,0,0,0.424956
집게류/IMG_4863.HEIC,pliers,pliers,0.833330,1,1,0.102836,pliers,0.408884,1,1,0.125697,pliers,0.720265,1,1,0.477434,,0.400622,0,0,0.367703
집게류/IMG_4963.JPG,pliers,screwdriver,0.684739,1,0,0.103855,pliers,0.013128,1,1,0.125197,screwdriver,0.061769,1,0,0.498281,pliers,0.454739,1,1,0.478315
집게류/IMG_4858.HEIC,pliers,hammer,0.610415,1,0,0.104669,hammer,0.246216,1,0,0.133526,pliers,0.521951,1,1,0.487247,screwdriver,0.423524,1,0,0.608790
집게류/IMG_4857.HEIC,pliers,hammer,0.703259,1,0,0.106858,pliers,0.402964,1,1,0.130784,pliers,0.627980,1,1,0.479903,hammer,0.308202,1,0,0.642325
집게류/IMG_4850.HEIC,pliers,pliers,0.419622,1,1,0.101859,pliers,0.180632,1,1,0.124880,pliers,0.567223,1,1,0.483899,,0.412850,0,0,0.328317
집게류/IMG_4820.HEIC,pliers,pliers,0.292055,1,1,0.103303,screwdriver,0.346784,1,0,0.126781,pliers,0.686071,1,1,0.483482,hammer,0.421486,1,0,0.356514
집게류/IMG_4819.HEIC,pliers,screwdriver,0.306533,1,0,0.190423,pliers,0.254966,1,1,0.230053,pliers,0.694452,1,1,1.291475,hammer,0.393213,1,0,0.586063
집게류/IMG_4872.HEIC,pliers,hammer,0.686072,1,0,0.190077,pliers,0.347845,1,1,0.232076,pliers,0.517721,1,1,1.332341,hammer,0.358141,1,0,0.600738
집게류/IMG_4828.HEIC,pliers,hammer,0.564356,1,0,0.197529,pliers,0.145690,1,1,0.221976,pliers,0.515326,1,1,1.302221,hammer,0.373349,1,0,0.700982
집게류/IMG_4847.HEIC,pliers,hammer,0.263000,1,0,0.105655,pliers,0.442644,1,1,0.123164,pliers,0.699943,1,1,0.482979,,0.383662,0,0,0.407164
집게류/IMG_4848.HEIC,pliers,pliers,0.855567,1,1,0.109824,pliers,0.507704,1,1,0.125317,pliers,0.662518,1,1,0.475331,pliers,0.403300,1,1,0.423853
집게류/IMG_4852.HEIC,pliers,pliers,0.731447,1,1,0.103696,pliers,0.338282,1,1,0.134450,pliers,0.737581,1,1,0.482494,hammer,0.363777,1,0,0.603002
집게류/IMG_4814.heic,pliers,hammer,0.408876,1,0,0.226596,pliers,0.355087,1,1,0.186711,pliers,0.618902,1,1,1.030036,hammer,0.434044,1,0,0.381684
집게류/IMG_4808.HEIC,pliers,hammer,0.308008,1,0,0.107225,screwdriver,0.235101,1,0,0.126858,pliers,0.717781,1,1,0.481451,pliers,0.424566,1,1,0.506177
집게류/IMG_4849.HEIC,pliers,pliers,0.732297,1,1,0.102868,pliers,0.495635,1,1,0.125238,pliers,0.673797,1,1,0.499024,hammer,0.376578,1,0,0.513748
집게류/IMG_4831.HEIC,pliers,pliers,0.877092,1,1,0.196382,pliers,0.232822,1,1,0.225588,pliers,0.604690,1,1,1.303479,hammer,0.382344,1,0,0.658836
집게류/IMG_4846.HEIC,pliers,pliers,0.915059,1,1,0.191717,pliers,0.455535,1,1,0.218941,pliers,0.654731,1,1,1.374675,screwdriver,0.412256,1,0,0.693416
집게류/IMG_4812.HEIC,pliers,pliers,0.623510,1,1,0.105471,pliers,0.431643,1,1,0.124849,pliers,0.824045,1,1,0.482876,hammer,0.440526,1,0,0.337322
집게류/IMG_4842.HEIC,pliers,pliers,0.889044,1,1,0.203062,pliers,0.349525,1,1,0.233206,pliers,0.587480,1,1,1.369828,screwdriver,0.394844,1,0,0.536797
집게류/IMG_4840.HEIC,pliers,pliers,0.665681,1,1,0.105577,pliers,0.281782,1,1,0.135879,pliers,0.691190,1,1,0.485838,hammer,0.359363,1,0,0.586298
집게류/IMG_4805.HEIC,pliers,pliers,0.804266,1,1,0.104122,screwdriver,0.208151,1,0,0.136667,pliers,0.689641,1,1,0.480927,hammer,0.452357,1,0,0.572029
집게류/IMG_4802.HEIC,pliers,pliers,0.868107,1,1,0.103467,pliers,0.416352,1,1,0.126154,pliers,0.730355,1,1,0.484858,hammer,0.330845,1,0,0.647657
집게류/IMG_4797.HEIC,pliers,pliers,0.913527,1,1,0.105837,pliers,0.289627,1,1,0.126903,pliers,0.911012,1,1,0.486017,,0.436920,0,0,0.328390
집게류/IMG_4823.HEIC,pliers,pliers,0.850699,1,1,0.104793,hammer,0.387975,1,0,0.125267,pliers,0.814495,1,1,0.481507,,0.423835,0,0,0.337934
집게류/IMG_4801.HEIC,pliers,pliers,0.892151,1,1,0.105527,pliers,0.459619,1,1,0.127585,pliers,0.540678,1,1,0.492683,hammer,0.331999,1,0,0.544759
집게류/IMG_4806.HEIC,pliers,pliers,0.479089,1,1,0.105035,pliers,0.396029,1,1,0.128644,pliers,0.760093,1,1,0.479401,pliers,0.439815,1,1,0.390479
집게류/IMG_4837.HEIC,pliers,pliers,0.865794,1,1,0.199910,pliers,0.389715,1,1,0.226587,pliers,0.726795,1,1,1.243427,hammer,0.378431,1,0,0.671440
집게류/IMG_4841.HEIC,pliers,pliers,0.809946,1,1,0.191388,pliers,0.209784,1,1,0.225170,pliers,0.699519,1,1,1.272595,hammer,0.374865,1,0,0.609872
집게류/IMG_4835.HEIC,pliers,pliers,0.917135,1,1,0.103236,pliers,0.374729,1,1,0.128618,pliers,0.715962,1,1,0.486702,hammer,0.450404,1,0,0.336904
집게류/IMG_4839.HEIC,pliers,pliers,0.904908,1,1,0.189332,pliers,0.305264,1,1,0.216301,pliers,0.714759,1,1,1.302784,hammer,0.388186,1,0,0.547208
집게류/IMG_4824.HEIC,pliers,pliers,0.886670,1,1,0.108498,hammer,0.437839,1,0,0.125498,pliers,0.739620,1,1,0.488002,pliers,0.461724,1,1,0.354148
집게류/IMG_4809.HEIC,pliers,pliers,0.694150,1,1,0.201766,pliers,0.531119,1,1,0.231774,pliers,0.753136,1,1,1.238100,hammer,0.442095,1,0,0.393282
집게류/IMG_4844.HEIC,pliers,pliers,0.824693,1,1,0.190828,pliers,0.456413,1,1,0.218672,pliers,0.377456,1,1,1.313142,pliers,0.406513,1,1,0.461078
집게류/IMG_4843.HEIC,pliers,pliers,0.873436,1,1,0.201514,pliers,0.467127,1,1,0.236428,pliers,0.548768,1,1,1.315034,pliers,0.415623,1,1,0.484827
집게류/IMG_4838.HEIC,pliers,pliers,0.916703,1,1,0.190185,hammer,0.248958,1,0,0.214865,pliers,0.537761,1,1,1.269254,hammer,0.327795,1,0,0.684229
집게류/IMG_4833.HEIC,pliers,pliers,0.913279,1,1,0.190147,pliers,0.568442,1,1,0.227922,pliers,0.502668,1,1,1.307521,screwdriver,0.467800,1,0,0.392423
집게류/IMG_4829.HEIC,pliers,pliers,0.778842,1,1,0.105902,pliers,0.214429,1,1,0.124829,pliers,0.813825,1,1,0.487040,hammer,0.351511,1,0,0.592558
집게류/IMG_4822.HEIC,pliers,pliers,0.856913,1,1,0.103474,pliers,0.300939,1,1,0.126986,pliers,0.578719,1,1,0.480492,,0.464264,0,0,0.348457
집게류/IMG_4821.HEIC,pliers,hammer,0.757842,1,0,0.104699,pliers,0.307315,1,1,0.139827,pliers,0.588653,1,1,0.480544,,0.449369,0,0,0.399831
집게류/IMG_4825.HEIC,pliers,pliers,0.706480,1,1,0.104874,pliers,0.294806,1,1,0.134662,pliers,0.812142,1,1,0.485272,hammer,0.366170,1,0,0.675026
집게류/IMG_4803.HEIC,pliers,screwdriver,0.633045,1,0,0.104734,hammer,0.283168,1,0,0.130871,pliers,0.436797,1,1,0.482160,hammer,0.371603,1,0,0.583988
집게류/IMG_4787.HEIC,pliers,pliers,0.426290,1,1,0.200218,pliers,0.340058,1,1,0.224276,pliers,0.682715,1,1,1.322620,pliers,0.388059,1,1,0.565419
집게류/IMG_4793.HEIC,pliers,pliers,0.854991,1,1,0.201707,pliers,0.365075,1,1,0.229989,pliers,0.711931,1,1,1.297005,,0.420349,0,0,0.559241
집게류/IMG_4786.HEIC,pliers,pliers,0.898860,1,1,0.201619,pliers,0.202687,1,1,0.226773,pliers,0.731849,1,1,1.259908,hammer,0.379864,1,0,0.527473
집게류/IMG_4827.HEIC,pliers,hammer,0.692565,1,0,0.199553,pliers,0.104773,1,1,0.221109,pliers,0.467790,1,1,1.305447,hammer,0.429421,1,0,0.581517
집게류/IMG_4830.HEIC,pliers,,0.000000,0,0,0.199186,pliers,0.267920,1,1,0.235849,pliers,0.710097,1,1,1.259310,hammer,0.363228,1,0,0.580824
집게류/IMG_4788.HEIC,pliers,pliers,0.463768,1,1,0.190519,pliers,0.379024,1,1,0.221390,pliers,0.799372,1,1,1.310037,hammer,0.359859,1,0,0.575872
집게류/IMG_4789.HEIC,pliers,pliers,0.897455,1,1,0.202260,pliers,0.516862,1,1,0.223898,pliers,0.718580,1,1,1.274897,,0.406316,0,0,0.388455
집게류/IMG_4851.HEIC,pliers,pliers,0.908338,1,1,0.193702,pliers,0.404187,1,1,0.241433,pliers,0.749841,1,1,1.292447,pliers,0.429983,1,1,0.375559
집게류/IMG_4783.HEIC,pliers,,0.000000,0,0,0.190173,screwdriver,0.180285,1,0,0.223164,pliers,0.581043,1,1,1.304418,hammer,0.355096,1,0,0.604377
집게류/IMG_4791.HEIC,pliers,pliers,0.274790,1,1,0.190456,pliers,0.573394,1,1,0.218267,pliers,0.512353,1,1,1.294427,pliers,0.380229,1,1,0.402613
집게류/IMG_4832.HEIC,pliers,pliers,0.495010,1,1,0.205299,pliers,0.625643,1,1,0.225198,pliers,0.534937,1,1,1.260922,,0.437353,0,0,0.396295
집게류/펜치_김지호/IMG_6423.jpeg,pliers,pliers,0.760796,1,1,0.110706,pliers,0.357924,1,1,0.128481,pliers,0.637099,1,1,0.492812,,0.398821,0,0,0.335730
집게류/IMG_4818.HEIC,pliers,,0.000000,0,0,0.189445,pliers,0.495330,1,1,0.221729,pliers,0.566396,1,1,1.311979,hammer,0.393522,1,0,0.589497
집게류/IMG_4813.HEIC,pliers,hammer,0.283260,1,0,0.103651,pliers,0.313224,1,1,0.128244,pliers,0.741915,1,1,0.483351,hammer,0.359336,1,0,0.387505
집게류/펜치_김지호/IMG_6425.jpeg,pliers,pliers,0.844253,1,1,0.105014,pliers,0.422593,1,1,0.127332,pliers,0.688863,1,1,0.479545,hammer,0.369654,1,0,0.458158
집게류/펜치_김지호/IMG_6424.jpeg,pliers,pliers,0.400345,1,1,0.104468,pliers,0.399615,1,1,0.126942,pliers,0.498883,1,1,0.480205,hammer,0.333693,1,0,0.503781
집게류/펜치_김지호/IMG_6427.jpeg,pliers,pliers,0.891636,1,1,0.102870,pliers,0.454470,1,1,0.124778,pliers,0.809229,1,1,0.489025,hammer,0.467626,1,0,0.326608
집게류/IMG_4816.HEIC,pliers,pliers,0.420818,1,1,0.196386,hammer,0.243493,1,0,0.217820,pliers,0.411481,1,1,1.313834,hammer,0.400763,1,0,0.642310
집게류/IMG_4810.HEIC,pliers,wrench,0.756732,1,0,0.193391,pliers,0.342212,1,1,0.222786,pliers,0.650069,1,1,1.410492,hammer,0.418159,1,0,0.420493
집게류/IMG_4807.HEIC,pliers,pliers,0.870633,1,1,0.104757,pliers,0.547083,1,1,0.126366,pliers,0.808631,1,1,0.478135,,0.401768,0,0,0.375888
집게류/IMG_4800.HEIC,pliers,pliers,0.630128,1,1,0.107738,screwdriver,0.379232,1,0,0.138270,pliers,0.461729,1,1,0.484812,hammer,0.367852,1,0,0.559998
집게류/펜치_김지호/IMG_6429.jpeg,pliers,pliers,0.763483,1,1,0.104149,pliers,0.367659,1,1,0.129047,pliers,0.599155,1,1,0.481207,hammer,0.432057,1,0,0.355850
집게류/펜치_김지호/IMG_6438.jpeg,pliers,hammer,0.614849,1,0,0.104357,pliers,0.473491,1,1,0.123824,pliers,0.565767,1,1,0.477859,hammer,0.417951,1,0,0.360158
집게류/펜치_김지호/IMG_6431.jpeg,pliers,pliers,0.868099,1,1,0.103787,pliers,0.562512,1,1,0.127817,pliers,0.672433,1,1,0.475718,,0.415249,0,0,0.359057
집게류/펜치_김지호/IMG_6436.jpeg,pliers,hammer,0.731782,1,0,0.102057,pliers,0.260380,1,1,0.135154,pliers,0.488657,1,1,0.493342,hammer,0.379168,1,0,0.599184
집게류/IMG_4811.HEIC,pliers,pliers,0.387557,1,1,0.188424,pliers,0.355381,1,1,0.219711,pliers,0.727200,1,1,1.233092,hammer,0.418065,1,0,0.398182
집게류/펜치_김지호/IMG_6433.jpeg,pliers,pliers,0.502340,1,1,0.106345,pliers,0.635333,1,1,0.128832,pliers,0.645897,1,1,0.481330,pliers,0.408721,1,1,0.333884
집게류/IMG_4804.HEIC,pliers,pliers,0.446427,1,1,0.200599,pliers,0.215972,1,1,0.229677,pliers,0.663570,1,1,1.264678,,0.428216,0,0,0.469681
집게류/IMG_4796.HEIC,pliers,pliers,0.907619,1,1,0.105559,pliers,0.314171,1,1,0.131578,pliers,0.857868,1,1,0.477945,hammer,0.395954,1,0,0.355409
집게류/IMG_4795.HEIC,pliers,pliers,0.932742,1,1,0.103430,screwdriver,0.336485,1,0,0.127672,pliers,0.820918,1,1,0.486124,,0.425383,0,0,0.354884
집게류/IMG_4779.HEIC,pliers,pliers,0.724780,1,1,0.188335,pliers,0.350223,1,1,0.222254,pliers,0.818918,1,1,1.236036,hammer,0.400347,1,0,0.556809
집게류/펜치_김지호/IMG_6435.jpeg,pliers,pliers,0.911680,1,1,0.106611,pliers,0.309194,1,1,0.125229,pliers,0.691424,1,1,0.485694,hammer,0.392277,1,0,0.541573
집게류/펜치_김지호/IMG_6422.jpeg,pliers,pliers,0.402357,1,1,0.102240,pliers,0.498788,1,1,0.123906,pliers,0.823371,1,1,0.475858,pliers,0.395909,1,1,0.337609
집게류/펜치_김지호/IMG_6432.jpeg,pliers,screwdriver,0.592663,1,0,0.103912,pliers,0.408682,1,1,0.125282,pliers,0.437274,1,1,0.478671,hammer,0.361129,1,0,0.341446
집게류/IMG_4799.HEIC,pliers,pliers,0.532318,1,1,0.103220,pliers,0.325412,1,1,0.127977,pliers,0.600623,1,1,0.477850,hammer,0.385725,1,0,0.615201
집게류/펜치_김지호/IMG_6444.jpeg,pliers,hammer,0.716607,1,0,0.103555,pliers,0.285148,1,1,0.128546,pliers,0.509251,1,1,0.490286,screwdriver,0.369084,1,0,0.524740
집게류/펜치_김지호/IMG_6443.jpeg,pliers,,0.000000,0,0,0.102522,pliers,0.308268,1,1,0.128786,pliers,0.649125,1,1,0.476431,hammer,0.378454,1,0,0.512889
집게류/IMG_4794.HEIC,pliers,pliers,0.871106,1,1,0.196729,pliers,0.488190,1,1,0.231781,pliers,0.911579,1,1,1.280571,pliers,0.395080,1,1,0.408464
집게류/IMG_4798.HEIC,pliers,pliers,0.890971,1,1,0.200003,pliers,0.565440,1,1,0.237029,pliers,0.798593,1,1,1.262190,,0.395625,0,0,0.397705
집게류/IMG_4815.HEIC,pliers,hammer,0.589650,1,0,0.200526,screwdriver,0.218736,1,0,0.230726,pliers,0.540315,1,1,1.324752,,0.467965,0,0,0.437024
집게류/IMG_4782.HEIC,pliers,pliers,0.406244,1,1,0.189558,pliers,0.300289,1,1,0.218524,pliers,0.809959,1,1,1.323686,pliers,0.404405,1,1,0.546815
집게류/IMG_4785.HEIC,pliers,pliers,0.687950,1,1,0.200534,pliers,0.376465,1,1,0.229346,pliers,0.743643,1,1,1.301597,pliers,0.387031,1,1,0.548435
집게류/IMG_4790.HEIC,pliers,pliers,0.926441,1,1,0.197561,pliers,0.505657,1,1,0.227670,pliers,0.704878,1,1,1.284142,,0.434947,0,0,0.416304
집게류/펜치_김지호/IMG_6430.jpeg,pliers,pliers,0.787666,1,1,0.106003,pliers,0.480713,1,1,0.123240,pliers,0.578377,1,1,0.491355,hammer,0.376250,1,0,0.500220
집게류/펜치_김지호/IMG_6434.jpeg,pliers,hammer,0.525368,1,0,0.102340,pliers,0.475343,1,1,0.123606,pliers,0.618564,1,1,0.477238,pliers,0.410114,1,1,0.340996
집게류/펜치_김지호/IMG_6454.jpeg,pliers,pliers,0.422215,1,1,0.104166,pliers,0.517772,1,1,0.126887,pliers,0.705773,1,1,0.478725,,0.411403,0,0,0.349682
집게류/펜치_김지호/IMG_6458.jpeg,pliers,hammer,0.359996,1,0,0.104450,pliers,0.391133,1,1,0.125808,pliers,0.425284,1,1,0.475058,hammer,0.394889,1,0,0.515182
집게류/펜치_김지호/IMG_6468.jpeg,pliers,,0.000000,0,0,0.114822,pliers,0.337992,1,1,0.128699,pliers,0.498174,1,1,0.489196,hammer,0.380810,1,0,0.496450
집게류/IMG_4780.HEIC,pliers,pliers,0.722935,1,1,0.187153,pliers,0.308306,1,1,0.217863,pliers,0.586625,1,1,1.296791,hammer,0.530928,1,0,0.466293
집게류/IMG_4778.HEIC,pliers,pliers,0.696403,1,1,0.199830,pliers,0.264652,1,1,0.228296,pliers,0.709155,1,1,1.326788,pliers,0.420362,1,1,0.497742
집게류/펜치_김지호/IMG_6452.jpeg,pliers,hammer,0.876220,1,0,0.108226,pliers,0.412982,1,1,0.133297,pliers,0.812150,1,1,0.518749,,0.435233,0,0,0.343966
집게류/펜치_김지호/IMG_6439.jpeg,pliers,pliers,0.835805,1,1,0.103801,pliers,0.355562,1,1,0.126217,pliers,0.645447,1,1,0.479625,hammer,0.431518,1,0,0.346790
집게류/IMG_4792.HEIC,pliers,pliers,0.800422,1,1,0.190519,pliers,0.656896,1,1,0.217415,pliers,0.321891,1,1,1.250658,pliers,0.384787,1,1,0.408610
집게류/펜치_김지호/IMG_6460.jpeg,pliers,screwdriver,0.386327,1,0,0.105877,pliers,0.395518,1,1,0.134089,pliers,0.604371,1,1,0.490263,screwdriver,0.392541,1,0,0.444319
집게류/펜치_김지호/IMG_6456.jpeg,pliers,pliers,0.900243,1,1,0.103722,pliers,0.391521,1,1,0.132130,pliers,0.779165,1,1,0.474241,,0.383489,0,0,0.428106
집게류/펜치_김지호/IMG_6455.jpeg,pliers,pliers,0.788823,1,1,0.102324,pliers,0.524602,1,1,0.124653,pliers,0.572037,1,1,0.489283,pliers,0.417676,1,1,0.344820
집게류/펜치_김지호/IMG_6446.jpeg,pliers,pliers,0.884885,1,1,0.117825,pliers,0.236601,1,1,0.125947,pliers,0.705895,1,1,0.497664,screwdriver,0.377408,1,0,0.413546
집게류/펜치_김지호/IMG_6450.jpeg,pliers,hammer,0.828037,1,0,0.104687,pliers,0.314128,1,1,0.127934,pliers,0.773563,1,1,0.483534,,0.439185,0,0,0.338957
집게류/펜치_김지호/IMG_6445.jpeg,pliers,pliers,0.514926,1,1,0.103961,pliers,0.279382,1,1,0.130306,pliers,0.521633,1,1,0.481044,hammer,0.363755,1,0,0.449936
집게류/펜치_김지호/IMG_6441.jpeg,pliers,hammer,0.817892,1,0,0.102268,pliers,0.401913,1,1,0.129355,pliers,0.584409,1,1,0.475877,hammer,0.378442,1,0,0.408055
집게류/펜치_김지호/IMG_6449.jpeg,pliers,,0.000000,0,0,0.102143,pliers,0.332080,1,1,0.123754,pliers,0.407297,1,1,0.484365,hammer,0.386140,1,0,0.511888
집게류/펜치_김지호/IMG_6471.jpeg,pliers,pliers,0.802955,1,1,0.102736,pliers,0.682573,1,1,0.122204,pliers,0.873530,1,1,0.483537,pliers,0.405807,1,1,0.353258
집게류/펜치_김지호/IMG_6465.jpeg,pliers,hammer,0.749630,1,0,0.103073,screwdriver,0.322930,1,0,0.125783,pliers,0.392686,1,1,0.485628,pliers,0.394428,1,1,0.359305
드라이버/드라이버_이건우/iCloud 사진/IMG_7950.JPEG,screwdriver,screwdriver,0.834049,1,1,0.196238,screwdriver,0.191133,1,1,0.231156,screwdriver,0.752157,1,1,1.138815,hammer,0.399774,1,0,0.561571
집게류/펜치_김지호/IMG_6426.jpeg,pliers,hammer,0.794198,1,0,0.107008,pliers,0.356986,1,1,0.130932,pliers,0.688537,1,1,0.479578,pliers,0.367644,1,1,0.399267
집게류/펜치_김지호/IMG_6428.jpeg,pliers,screwdriver,0.474969,1,0,0.102664,pliers,0.484693,1,1,0.127698,pliers,0.527313,1,1,0.485769,,0.432429,0,0,0.349932
집게류/펜치_김지호/IMG_6448.jpeg,pliers,hammer,0.722729,1,0,0.103207,pliers,0.470167,1,1,0.127695,pliers,0.645433,1,1,0.484754,,0.386103,0,0,0.449154
집게류/펜치_김지호/IMG_6442.jpeg,pliers,pliers,0.864805,1,1,0.103097,pliers,0.354656,1,1,0.131102,pliers,0.542506,1,1,0.480135,pliers,0.376591,1,1,0.461982
집게류/펜치_김지호/IMG_6453.jpeg,pliers,hammer,0.811525,1,0,0.104855,pliers,0.274601,1,1,0.129591,pliers,0.618499,1,1,0.490062,,0.426372,0,0,0.338246
집게류/펜치_김지호/IMG_6457.jpeg,pliers,pliers,0.784704,1,1,0.102580,pliers,0.334353,1,1,0.128176,pliers,0.453883,1,1,0.477791,hammer,0.386025,1,0,0.473963
집게류/펜치_김지호/IMG_6469.jpeg,pliers,hammer,0.292144,1,0,0.105140,pliers,0.447122,1,1,0.133726,pliers,0.642967,1,1,0.487147,pliers,0.389542,1,1,0.385264
집게류/펜치_김지호/IMG_6459.jpeg,pliers,pliers,0.729382,1,1,0.103649,pliers,0.524116,1,1,0.127415,pliers,0.713817,1,1,0.482542,,0.412540,0,0,0.332547
집게류/펜치_김지호/IMG_6463.jpeg,pliers,pliers,0.363491,1,1,0.104454,pliers,0.375038,1,1,0.140009,pliers,0.688100,1,1,0.489307,pliers,0.360987,1,1,0.383283
집게류/펜치_김지호/IMG_6466.jpeg,pliers,pliers,0.870787,1,1,0.104582,pliers,0.628702,1,1,0.123715,pliers,0.556412,1,1,0.482571,hammer,0.431818,1,0,0.348515
드라이버/드라이버_이건우/iCloud 사진/IMG_7951.JPEG,screwdriver,screwdriver,0.830026,1,1,0.199200,screwdriver,0.160897,1,1,0.238492,screwdriver,0.560680,1,1,1.132563,hammer,0.414369,1,0,0.537941
드라이버/드라이버_이건우/iCloud 사진/IMG_7993.JPG,screwdriver,screwdriver,0.911273,1,1,0.193169,screwdriver,0.284997,1,1,0.222744,screwdriver,0.554036,1,1,1.125603,hammer,0.407092,1,0,0.443626
드라이버/드라이버_이건우/iCloud 사진/IMG_7969.JPG,screwdriver,screwdriver,0.855350,1,1,0.191002,screwdriver,0.373962,1,1,0.229535,screwdriver,0.722769,1,1,1.159647,,0.435815,0,0,0.409340
드라이버/드라이버_이건우/iCloud 사진/IMG_7952.JPEG,screwdriver,screwdriver,0.816256,1,1,0.197978,screwdriver,0.233983,1,1,0.229147,screwdriver,0.627514,1,1,1.135010,hammer,0.398278,1,0,0.475917
집게류/펜치_김지호/IMG_6440.jpeg,pliers,pliers,0.850051,1,1,0.105960,pliers,0.460066,1,1,0.126423,pliers,0.727931,1,1,0.483013,pliers,0.388926,1,1,0.339155
집게류/펜치_김지호/IMG_6461.jpeg,pliers,pliers,0.787626,1,1,0.102495,pliers,0.401395,1,1,0.130798,pliers,0.797540,1,1,0.481395,screwdriver,0.393985,1,0,0.494240
집게류/펜치_김지호/IMG_6437.jpeg,pliers,pliers,0.664375,1,1,0.102893,pliers,0.242613,1,1,0.122861,pliers,0.442573,1,1,0.482504,hammer,0.397404,1,0,0.402585
집게류/펜치_김지호/IMG_6451.jpeg,pliers,pliers,0.847634,1,1,0.104354,pliers,0.355675,1,1,0.133091,pliers,0.683654,1,1,0.482632,pliers,0.444384,1,1,0.329634
집게류/펜치_김지호/IMG_6467.jpeg,pliers,hammer,0.295886,1,0,0.103168,pliers,0.334270,1,1,0.135767,pliers,0.377995,1,1,0.488095,hammer,0.410984,1,0,0.423412
집게류/펜치_김지호/IMG_6470.jpeg,pliers,pliers,0.567854,1,1,0.104784,pliers,0.351817,1,1,0.131516,pliers,0.604356,1,1,0.476279,pliers,0.386752,1,1,0.411328
드라이버/드라이버_이건우/iCloud 사진/IMG_7957.JPEG,screwdriver,screwdriver,0.831461,1,1,0.197712,hammer,0.446371,1,0,0.229706,screwdriver,0.577148,1,1,1.138496,hammer,0.447068,1,0,0.531637
드라이버/드라이버_이건우/iCloud 사진/IMG_7973.JPG,screwdriver,screwdriver,0.327384,1,1,0.200388,screwdriver,0.223688,1,1,0.217902,screwdriver,0.421350,1,1,1.263224,hammer,0.427280,1,0,0.516290
드라이버/드라이버_이건우/iCloud 사진/IMG_7984.JPG,screwdriver,screwdriver,0.775888,1,1,0.209443,screwdriver,0.515178,1,1,0.220863,screwdriver,0.665801,1,1,1.253123,,0.452105,0,0,0.368485
드라이버/드라이버_이건우/iCloud 사진/IMG_7964.JPG,screwdriver,screwdriver,0.892718,1,1,0.201000,screwdriver,0.315474,1,1,0.229622,screwdriver,0.647825,1,1,1.151985,hammer,0.387277,1,0,0.580493
드라이버/드라이버_이건우/iCloud 사진/IMG_7955.JPEG,screwdriver,screwdriver,0.858019,1,1,0.201733,screwdriver,0.330792,1,1,0.231925,screwdriver,0.689188,1,1,1.201051,hammer,0.421681,1,0,0.595295
드라이버/드라이버_이건우/iCloud 사진/IMG_7962.JPEG,screwdriver,screwdriver,0.858106,1,1,0.201101,screwdriver,0.445332,1,1,0.220522,screwdriver,0.800977,1,1,1.253685,pliers,0.428657,1,0,0.559380
집게류/펜치_김지호/IMG_6447.jpeg,pliers,pliers,0.741907,1,1,0.109809,pliers,0.516990,1,1,0.134509,pliers,0.517183,1,1,0.509390,hammer,0.394118,1,0,0.449374
드라이버/드라이버_이건우/iCloud 사진/IMG_8001.JPG,screwdriver,screwdriver,0.725656,1,1,0.216866,screwdriver,0.443621,1,1,0.284750,screwdriver,0.543214,1,1,1.268349,hammer,0.366548,1,0,0.631154
드라이버/드라이버_이건우/iCloud 사진/IMG_7975.JPG,screwdriver,screwdriver,0.833265,1,1,0.191721,screwdriver,0.498055,1,1,0.225187,screwdriver,0.468694,1,1,1.311968,hammer,0.403384,1,0,0.622046
집게류/펜치_김지호/IMG_6464.jpeg,pliers,pliers,0.678481,1,1,0.106135,pliers,0.307399,1,1,0.127911,pliers,0.524608,1,1,0.479469,hammer,0.508136,1,0,0.417966
드라이버/드라이버_이건우/iCloud 사진/IMG_7963.JPG,screwdriver,screwdriver,0.820654,1,1,0.197918,screwdriver,0.273395,1,1,0.234118,screwdriver,0.828782,1,1,1.173092,hammer,0.385803,1,0,0.607553
집게류/IMG_4781.HEIC,pliers,,0.000000,0,0,0.195983,pliers,0.326608,1,1,0.219433,pliers,0.783810,1,1,1.309759,pliers,0.402658,1,1,0.450845
드라이버/드라이버_이건우/iCloud 사진/IMG_7982.JPG,screwdriver,screwdriver,0.677231,1,1,0.191281,hammer,0.115807,1,0,0.217757,screwdriver,0.456421,1,1,1.120435,hammer,0.352120,1,0,0.663737
드라이버/드라이버_이건우/iCloud 사진/IMG_7965.JPEG,screwdriver,screwdriver,0.926017,1,1,0.203445,screwdriver,0.269098,1,1,0.225159,screwdriver,0.809054,1,1,1.302477,,0.429271,0,0,0.425826
드라이버/드라이버_이건우/iCloud 사진/IMG_7970.JPG,screwdriver,screwdriver,0.885762,1,1,0.193577,hammer,0.252498,1,0,0.217027,screwdriver,0.487051,1,1,1.124811,hammer,0.473215,1,0,0.381402
드라이버/드라이버_이건우/iCloud 사진/IMG_7991.JPG,screwdriver,screwdriver,0.841750,1,1,0.194905,screwdriver,0.625762,1,1,0.224312,screwdriver,0.658349,1,1,1.143076,hammer,0.395530,1,0,0.615689
드라이버/드라이버_이건우/iCloud 사진/IMG_7974.JPG,screwdriver,screwdriver,0.830889,1,1,0.191467,screwdriver,0.555572,1,1,0.219474,screwdriver,0.656556,1,1,1.226286,hammer,0.393632,1,0,0.472737
드라이버/드라이버_이건우/iCloud 사진/IMG_7978.JPG,screwdriver,screwdriver,0.887248,1,1,0.197582,screwdriver,0.435042,1,1,0.219428,screwdriver,0.729593,1,1,1.131535,hammer,0.396214,1,0,0.596582
드라이버/드라이버_이건우/iCloud 사진/IMG_7981.JPG,screwdriver,drill,0.482888,1,0,0.191739,pliers,0.170568,1,0,0.214796,screwdriver,0.440513,1,1,1.251122,hammer,0.304429,1,0,0.504020
드라이버/드라이버_이건우/iCloud 사진/IMG_7996.JPG,screwdriver,screwdriver,0.876626,1,1,0.190637,screwdriver,0.420314,1,1,0.218134,screwdriver,0.770655,1,1,1.173366,hammer,0.407060,1,0,0.639959
드라이버/드라이버_이건우/iCloud 사진/IMG_7995.JPG,screwdriver,screwdriver,0.811282,1,1,0.196662,screwdriver,0.261801,1,1,0.223340,screwdriver,0.683598,1,1,1.142410,hammer,0.391738,1,0,0.544680
집게류/펜치_김지호/IMG_6462.jpeg,pliers,pliers,0.662480,1,1,0.104326,pliers,0.515893,1,1,0.128441,pliers,0.672740,1,1,0.476468,,0.420191,0,0,0.339134
드라이버/드라이버_이건우/iCloud 사진/IMG_8002.JPG,screwdriver,screwdriver,0.744687,1,1,0.190865,hammer,0.223514,1,0,0.215111,pliers,0.613899,1,0,1.127580,hammer,0.388530,1,0,0.635832
드라이버/드라이버_이건우/iCloud 사진/IMG_7976.JPG,screwdriver,hammer,0.676514,1,0,0.196572,screwdriver,0.242822,1,1,0.216775,screwdriver,0.545874,1,1,1.273276,hammer,0.374458,1,0,0.510528
드라이버/드라이버_이건우/iCloud 사진/IMG_7985.JPG,screwdriver,screwdriver,0.881049,1,1,0.193969,screwdriver,0.520220,1,1,0.220142,screwdriver,0.702523,1,1,1.135630,hammer,0.417512,1,0,0.471524
드라이버/드라이버_이건우/iCloud 사진/IMG_7989.JPG,screwdriver,screwdriver,0.725865,1,1,0.200730,screwdriver,0.278956,1,1,0.226463,screwdriver,0.571977,1,1,1.141925,hammer,0.426893,1,0,0.547782
드라이버/드라이버_이건우/iCloud 사진/IMG_7986.JPG,screwdriver,screwdriver,0.764327,1,1,0.194548,screwdriver,0.520482,1,1,0.220233,screwdriver,0.622622,1,1,1.130862,hammer,0.385990,1,0,0.432412
드라이버/드라이버_이건우/iCloud 사진/IMG_7967.JPG,screwdriver,screwdriver,0.832597,1,1,0.192003,screwdriver,0.503379,1,1,0.223612,screwdriver,0.734396,1,1,1.121290,pliers,0.453052,1,0,0.414299
드라이버/드라이버_이건우/iCloud 사진/IMG_7979.JPG,screwdriver,screwdriver,0.844505,1,1,0.196394,hammer,0.223446,1,0,0.219647,screwdriver,0.599484,1,1,1.133259,hammer,0.439318,1,0,0.601154
드라이버/드라이버_이건우/iCloud 사진/IMG_7968.JPG,screwdriver,screwdriver,0.869220,1,1,0.194755,screwdriver,0.385468,1,1,0.234073,screwdriver,0.656013,1,1,1.265357,hammer,0.443780,1,0,0.399681
드라이버/드라이버_이건우/iCloud 사진/IMG_7953.JPG,screwdriver,screwdriver,0.858118,1,1,0.202222,screwdriver,0.181607,1,1,0.224772,screwdriver,0.799917,1,1,1.138220,hammer,0.399493,1,0,0.610676
집게류/펜치_이건우/IMG_8025.JPG,pliers,pliers,0.458732,1,1,0.195325,pliers,0.215528,1,1,0.219712,pliers,0.634529,1,1,1.144883,hammer,0.385618,1,0,0.669854
집게류/펜치_이건우/IMG_8044.JPG,pliers,pliers,0.751480,1,1,0.194738,pliers,0.483965,1,1,0.219469,pliers,0.809589,1,1,1.300967,pliers,0.403212,1,1,0.408895
드라이버/드라이버_이건우/iCloud 사진/IMG_7966.JPEG,screwdriver,screwdriver,0.821571,1,1,0.200704,screwdriver,0.441118,1,1,0.223176,screwdriver,0.872818,1,1,1.170299,pliers,0.448894,1,0,0.413619
드라이버/드라이버_이건우/iCloud 사진/IMG_7998.JPG,screwdriver,screwdriver,0.901322,1,1,0.194047,screwdriver,0.244991,1,1,0.214971,screwdriver,0.612669,1,1,1.120173,hammer,0.435504,1,0,0.385532
드라이버/드라이버_이건우/iCloud 사진/IMG_7971.JPG,screwdriver,screwdriver,0.906471,1,1,0.192585,hammer,0.308392,1,0,0.229890,screwdriver,0.608495,1,1,1.131258,pliers,0.488113,1,0,0.524840
드라이버/드라이버_이건우/iCloud 사진/IMG_7958.JPEG,screwdriver,screwdriver,0.844395,1,1,0.203115,screwdriver,0.120113,1,1,0.225778,screwdriver,0.578054,1,1,1.134812,hammer,0.417618,1,0,0.646156
드라이버/드라이버_이건우/iCloud 사진/IMG_7961.JPEG,screwdriver,screwdriver,0.905294,1,1,0.199362,hammer,0.254958,1,0,0.227675,screwdriver,0.325135,1,1,1.296656,hammer,0.411946,1,0,0.587658
드라이버/드라이버_이건우/iCloud 사진/IMG_7987.JPG,screwdriver,screwdriver,0.775395,1,1,0.202140,screwdriver,0.374626,1,1,0.224190,screwdriver,0.668508,1,1,1.134170,hammer,0.405819,1,0,0.502005
드라이버/드라이버_이건우/iCloud 사진/IMG_7980.JPG,screwdriver,screwdriver,0.751196,1,1,0.200219,screwdriver,0.447687,1,1,0.226731,screwdriver,0.675225,1,1,1.120829,hammer,0.402934,1,0,0.578826
집게류/펜치_이건우/IMG_8022.JPG,pliers,pliers,0.390793,1,1,0.193945,hammer,0.277038,1,0,0.221476,pliers,0.653179,1,1,1.238939,hammer,0.381173,1,0,0.721063
집게류/펜치_이건우/IMG_8012.JPG,pliers,pliers,0.390222,1,1,0.193172,pliers,0.382355,1,1,0.214375,pliers,0.691676,1,1,1.290659,hammer,0.376437,1,0,0.526319
집게류/펜치_이건우/IMG_8047.JPG,pliers,screwdriver,0.780771,1,0,0.192122,pliers,0.231478,1,1,0.223267,pliers,0.786233,1,1,1.134132,pliers,0.393783,1,1,0.434692
드라이버/드라이버_이건우/iCloud 사진/IMG_7997.JPG,screwdriver,screwdriver,0.896503,1,1,0.192727,screwdriver,0.303798,1,1,0.219616,screwdriver,0.489769,1,1,1.124733,hammer,0.473480,1,0,0.378086
집게류/펜치_이건우/IMG_8027.JPG,pliers,pliers,0.930245,1,1,0.190561,pliers,0.310404,1,1,0.222350,pliers,0.716712,1,1,1.129199,,0.416137,0,0,0.440827
집게류/펜치_이건우/IMG_8043.JPG,pliers,screwdriver,0.360323,1,0,0.189030,pliers,0.261579,1,1,0.226286,pliers,0.613406,1,1,1.121808,hammer,0.345772,1,0,0.633784
집게류/펜치_이건우/IMG_8052.JPG,pliers,,0.000000,0,0,0.192343,screwdriver,0.203462,1,0,0.219859,pliers,0.331674,1,1,1.138779,,0.406430,0,0,0.407136
집게류/펜치_이건우/IMG_8021.JPG,pliers,pliers,0.681358,1,1,0.189770,pliers,0.511116,1,1,0.225994,pliers,0.788892,1,1,1.133860,hammer,0.340544,1,0,0.691833
드라이버/드라이버_이건우/iCloud 사진/IMG_7999.JPG,screwdriver,screwdriver,0.736817,1,1,0.191847,screwdriver,0.392382,1,1,0.229816,screwdriver,0.489684,1,1,1.274909,hammer,0.390272,1,0,0.468998
드라이버/드라이버_이건우/iCloud 사진/IMG_7977.JPG,screwdriver,screwdriver,0.832227,1,1,0.188679,screwdriver,0.252919,1,1,0.215721,screwdriver,0.666151,1,1,1.139975,hammer,0.428137,1,0,0.551993
집게류/펜치_이건우/IMG_8029.JPG,pliers,pliers,0.857875,1,1,0.189566,pliers,0.255881,1,1,0.222997,pliers,0.798282,1,1,1.247899,pliers,0.393549,1,1,0.464276
집게류/펜치_이건우/IMG_8013.JPG,pliers,pliers,0.388257,1,1,0.194527,pliers,0.471001,1,1,0.223751,pliers,0.745005,1,1,1.199483,hammer,0.379463,1,0,0.654670
드라이버/드라이버_이건우/iCloud 사진/IMG_7992.JPG,screwdriver,screwdriver,0.869916,1,1,0.189759,screwdriver,0.416987,1,1,0.220018,screwdriver,0.480396,1,1,1.302760,hammer,0.376533,1,0,0.500576
드라이버/드라이버_이건우/iCloud 사진/IMG_7994.JPG,screwdriver,screwdriver,0.815502,1,1,0.192559,screwdriver,0.228593,1,1,0.221078,screwdriver,0.580096,1,1,1.136142,hammer,0.380386,1,0,0.574853
집게류/펜치_이건우/IMG_8018.JPG,pliers,pliers,0.803293,1,1,0.189258,pliers,0.308392,1,1,0.222200,pliers,0.845106,1,1,1.286993,pliers,0.381235,1,1,0.437519
드라이버/드라이버_이건우/iCloud 사진/IMG_7983.JPG,screwdriver,screwdriver,0.822530,1,1,0.189250,screwdriver,0.350269,1,1,0.221394,screwdriver,0.420262,1,1,1.118926,hammer,0.480171,1,0,0.419077
집게류/펜치_이건우/IMG_8017.JPG,pliers,pliers,0.911828,1,1,0.194336,pliers,0.613241,1,1,0.235840,pliers,0.836562,1,1,1.125975,pliers,0.373835,1,1,0.499454
드라이버/드라이버_이건우/iCloud 사진/IMG_7990.JPG,screwdriver,screwdriver,0.843769,1,1,0.192139,screwdriver,0.565595,1,1,0.217159,screwdriver,0.728060,1,1,1.115996,hammer,0.402036,1,0,0.582823
드라이버/드라이버_이건우/iCloud 사진/IMG_7960.JPEG,screwdriver,screwdriver,0.879550,1,1,0.200169,pliers,0.290954,1,0,0.228938,screwdriver,0.307974,1,1,1.138345,hammer,0.468334,1,0,0.603919
드라이버/드라이버_이건우/iCloud 사진/IMG_7954.JPG,screwdriver,screwdriver,0.878164,1,1,0.203105,screwdriver,0.117399,1,1,0.227313,screwdriver,0.658062,1,1,1.264413,hammer,0.423170,1,0,0.628667
드라이버/드라이버_이건우/iCloud 사진/IMG_7972.JPG,screwdriver,screwdriver,0.784139,1,1,0.201017,screwdriver,0.207646,1,1,0.228287,screwdriver,0.554205,1,1,1.398169,hammer,0.400131,1,0,0.515541
집게류/펜치_이건우/IMG_8023.JPG,pliers,pliers,0.783124,1,1,0.204390,pliers,0.402410,1,1,0.248050,pliers,0.842295,1,1,1.180320,hammer,0.385462,1,0,0.656706
집게류/펜치_이건우/IMG_8031.JPG,pliers,pliers,0.761620,1,1,0.193952,pliers,0.316502,1,1,0.215263,pliers,0.539124,1,1,1.262455,hammer,0.325464,1,0,0.588574
집게류/펜치_이건우/IMG_8039.JPG,pliers,pliers,0.780117,1,1,0.189541,pliers,0.266859,1,1,0.231919,pliers,0.802927,1,1,1.258063,pliers,0.420262,1,1,0.516394
집게류/펜치_이건우/IMG_8014.JPG,pliers,pliers,0.889491,1,1,0.190061,pliers,0.379822,1,1,0.227225,pliers,0.715283,1,1,1.186117,hammer,0.393746,1,0,0.533871
집게류/펜치_이건우/IMG_8008.JPG,pliers,pliers,0.889612,1,1,0.196468,pliers,0.385388,1,1,0.244316,pliers,0.811834,1,1,1.124043,hammer,0.397403,1,0,0.562018
집게류/펜치_이건우/IMG_8032.JPG,pliers,pliers,0.841769,1,1,0.190368,pliers,0.298803,1,1,0.218402,pliers,0.476587,1,1,1.135594,hammer,0.396331,1,0,0.561888
집게류/펜치_이건우/IMG_8015.JPG,pliers,,0.000000,0,0,0.190086,screwdriver,0.142607,1,0,0.217812,screwdriver,0.389877,1,0,1.287831,hammer,0.371189,1,0,0.510938
집게류/펜치_이건우/IMG_8033.JPG,pliers,pliers,0.777600,1,1,0.190838,screwdriver,0.318503,1,0,0.222190,pliers,0.495944,1,1,1.158218,hammer,0.398795,1,0,0.602115
집게류/펜치_이건우/IMG_8016.JPG,pliers,screwdriver,0.613320,1,0,0.191235,pliers,0.266746,1,1,0.227364,pliers,0.632627,1,1,1.282498,hammer,0.335603,1,0,0.537779
집게류/펜치_이건우/IMG_8009.JPG,pliers,pliers,0.894823,1,1,0.193922,pliers,0.298653,1,1,0.217916,pliers,0.698216,1,1,1.125941,hammer,0.372412,1,0,0.619480
집게류/펜치_이건우/IMG_8026.JPG,pliers,pliers,0.898993,1,1,0.197501,pliers,0.262300,1,1,0.223692,pliers,0.814699,1,1,1.169361,pliers,0.430350,1,1,0.401368
집게류/펜치_이건우/IMG_8036.JPG,pliers,pliers,0.556605,1,1,0.196892,pliers,0.320053,1,1,0.216815,pliers,0.698678,1,1,1.119104,pliers,0.377243,1,1,0.516963
집게류/펜치_이건우/IMG_8011.JPG,pliers,pliers,0.848616,1,1,0.192543,pliers,0.389277,1,1,0.225101,pliers,0.756527,1,1,1.130527,hammer,0.351243,1,0,0.449181
드라이버/드라이버_이건우/iCloud 사진/IMG_7988.JPG,screwdriver,screwdriver,0.745366,1,1,0.199871,screwdriver,0.187832,1,1,0.234242,screwdriver,0.631407,1,1,1.139360,pliers,0.413773,1,0,0.479843
집게류/펜치_이건우/IMG_8005.JPG,pliers,pliers,0.804540,1,1,0.194228,pliers,0.244485,1,1,0.217873,pliers,0.833481,1,1,1.133033,screwdriver,0.421567,1,0,0.532348
집게류/펜치_이건우/IMG_8024.JPG,pliers,pliers,0.919604,1,1,0.190121,screwdriver,0.348621,1,0,0.213615,pliers,0.585651,1,1,1.118938,hammer,0.411256,1,0,0.602602
집게류/펜치_이건우/IMG_8007.JPG,pliers,pliers,0.826377,1,1,0.190004,screwdriver,0.304930,1,0,0.226373,pliers,0.837827,1,1,1.251321,hammer,0.389032,1,0,0.578162
집게류/펜치_이건우/IMG_8003.JPG,pliers,pliers,0.903511,1,1,0.191454,pliers,0.495353,1,1,0.219793,pliers,0.682731,1,1,1.180966,hammer,0.395181,1,0,0.462327
집게류/펜치_이건우/IMG_8045.JPG,pliers,pliers,0.874793,1,1,0.189638,pliers,0.326982,1,1,0.218503,pliers,0.927262,1,1,1.139165,pliers,0.424763,1,1,0.563149
집게류/펜치_이건우/IMG_8034.JPG,pliers,pliers,0.821391,1,1,0.192440,pliers,0.344411,1,1,0.220867,pliers,0.832614,1,1,1.254056,pliers,0.441696,1,1,0.438886
집게류/펜치_이건우/IMG_8019.JPG,pliers,pliers,0.819500,1,1,0.189788,pliers,0.374701,1,1,0.216879,pliers,0.798424,1,1,1.119841,pliers,0.396582,1,1,0.409174
집게류/펜치_이건우/IMG_8049.JPG,pliers,,0.000000,0,0,0.194711,hammer,0.164163,1,0,0.228303,pliers,0.705537,1,1,1.134331,screwdriver,0.362461,1,0,0.497190
집게류/펜치_이건우/IMG_8030.JPG,pliers,pliers,0.746159,1,1,0.194598,pliers,0.222751,1,1,0.220019,pliers,0.647253,1,1,1.241501,hammer,0.320654,1,0,0.663837
집게류/펜치_이건우/IMG_8042.JPG,pliers,screwdriver,0.679961,1,0,0.193348,pliers,0.422520,1,1,0.218103,pliers,0.513423,1,1,1.292743,hammer,0.356389,1,0,0.707596
집게류/펜치_이건우/IMG_8048.JPG,pliers,,0.000000,0,0,0.193882,screwdriver,0.339478,1,0,0.216628,pliers,0.837501,1,1,1.257408,pliers,0.404718,1,1,0.424439
집게류/펜치_이건우/IMG_8004.JPG,pliers,pliers,0.876125,1,1,0.191322,pliers,0.341913,1,1,0.219012,pliers,0.742729,1,1,1.154227,hammer,0.413302,1,0,0.547847
집게류/펜치_이건우/IMG_8010.JPG,pliers,pliers,0.879990,1,1,0.203918,pliers,0.159083,1,1,0.218235,pliers,0.749854,1,1,1.444040,hammer,0.348351,1,0,0.474931
집게류/펜치_이건우/IMG_8051.JPG,pliers,screwdriver,0.848631,1,0,0.194635,screwdriver,0.210497,1,0,0.216427,pliers,0.331072,1,1,1.178951,pliers,0.374503,1,1,0.483265
집게류/펜치_이건우/IMG_8028.JPG,pliers,pliers,0.932822,1,1,0.194231,screwdriver,0.277344,1,0,0.215814,pliers,0.841241,1,1,1.134462,pliers,0.419742,1,1,0.412643
집게류/펜치_이건우/IMG_8006.JPG,pliers,pliers,0.813337,1,1,0.190235,pliers,0.430703,1,1,0.216416,pliers,0.618670,1,1,1.120497,pliers,0.412618,1,1,0.433893
집게류/펜치_이건우/IMG_8037.JPG,pliers,pliers,0.910240,1,1,0.192555,pliers,0.246205,1,1,0.217688,pliers,0.815419,1,1,1.134087,hammer,0.356203,1,0,0.659550
집게류/펜치_이건우/IMG_8041.JPG,pliers,pliers,0.838528,1,1,0.192327,pliers,0.405861,1,1,0.224721,pliers,0.782752,1,1,1.298184,hammer,0.351394,1,0,0.690220
집게류/펜치_이건우/IMG_8050.JPG,pliers,hammer,0.260594,1,0,0.191532,pliers,0.387821,1,1,0.214728,pliers,0.634029,1,1,1.217864,hammer,0.384432,1,0,0.438900
집게류/펜치_이건우/IMG_8020.JPG,pliers,pliers,0.724077,1,1,0.190406,hammer,0.567316,1,0,0.219053,pliers,0.566631,1,1,1.126578,screwdriver,0.382794,1,0,0.489879
집게류/펜치_이건우/IMG_8040.JPG,pliers,pliers,0.889545,1,1,0.193965,hammer,0.333726,1,0,0.238198,pliers,0.840987,1,1,1.120362,hammer,0.353217,1,0,0.666162
집게류/펜치_이건우/IMG_8035.JPG,pliers,screwdriver,0.571290,1,0,0.189073,hammer,0.365349,1,0,0.222538,pliers,0.870151,1,1,1.236497,pliers,0.400316,1,1,0.446463
집게류/펜치_이건우/IMG_8038.JPG,pliers,pliers,0.919401,1,1,0.191332,pliers,0.308182,1,1,0.218503,pliers,0.805942,1,1,1.124381,hammer,0.410530,1,0,0.440603
집게류/펜치_이건우/IMG_8046.JPG,pliers,hammer,0.843277,1,0,0.205106,screwdriver,0.383382,1,0,0.224884,pliers,0.630135,1,1,1.133701,hammer,0.395377,1,0,0.427358
